VRDL ID,VRDL Name,Date of collection,Target,Avg Cq,Cq SD,Copy Number,Copy SD,Source File,Normalized Copy Number
3,"JMCH, Jorhat",15/07/2025,cmy,28.3,0.8,50945,23945.6,VRDL03_JMCH_Jorhat_150725.csv,35.47
3,"JMCH, Jorhat",15/07/2025,ctxm,29.9,0.7,280.6,144,VRDL03_JMCH_Jorhat_150725.csv,0.2
3,"JMCH, Jorhat",15/07/2025,ent,30.5,1.1,1436.4,884.2,VRDL03_JMCH_Jorhat_150725.csv,1
3,"JMCH, Jorhat",15/07/2025,ic,25.4,0.3,106925.9,28160.2,VRDL03_JMCH_Jorhat_150725.csv,74.44
3,"JMCH, Jorhat",15/07/2025,imp,,,0,0,VRDL03_JMCH_Jorhat_150725.csv,0
3,"JMCH, Jorhat",15/07/2025,kpc,25.6,0.9,330925.7,166381.5,VRDL03_JMCH_Jorhat_150725.csv,230.39
3,"JMCH, Jorhat",15/07/2025,mcr126,,,0,0,VRDL03_JMCH_Jorhat_150725.csv,0
3,"JMCH, Jorhat",15/07/2025,mcr3,35.4,0.8,19,13.4,VRDL03_JMCH_Jorhat_150725.csv,0.01
3,"JMCH, Jorhat",15/07/2025,mcr4,36.7,,2.8,4.9,VRDL03_JMCH_Jorhat_150725.csv,0
3,"JMCH, Jorhat",15/07/2025,mcr5910,32.8,0.6,19.2,8.7,VRDL03_JMCH_Jorhat_150725.csv,0.01
3,"JMCH, Jorhat",15/07/2025,mcr7,34.8,1.6,17.7,13.7,VRDL03_JMCH_Jorhat_150725.csv,0.01
3,"JMCH, Jorhat",15/07/2025,mcr8,,,0,0,VRDL03_JMCH_Jorhat_150725.csv,0
3,"JMCH, Jorhat",15/07/2025,meca,38.5,0.7,9.7,9.9,VRDL03_JMCH_Jorhat_150725.csv,0.01
3,"JMCH, Jorhat",15/07/2025,mtb,35.5,1.5,144.1,157.3,VRDL03_JMCH_Jorhat_150725.csv,0.1
3,"JMCH, Jorhat",15/07/2025,ndm,27.4,0.8,50680.5,24817.6,VRDL03_JMCH_Jorhat_150725.csv,35.28
3,"JMCH, Jorhat",15/07/2025,nuc,,,0,0,VRDL03_JMCH_Jorhat_150725.csv,0
3,"JMCH, Jorhat",15/07/2025,oxa,25.5,0.9,98990.6,55121,VRDL03_JMCH_Jorhat_150725.csv,68.92
3,"JMCH, Jorhat",15/07/2025,pvl,,,0,0,VRDL03_JMCH_Jorhat_150725.csv,0
3,"JMCH, Jorhat",15/07/2025,shv,31.4,0.8,4467.8,2003.5,VRDL03_JMCH_Jorhat_150725.csv,3.11
3,"JMCH, Jorhat",15/07/2025,vana,29.2,0.5,4500.7,1349.1,VRDL03_JMCH_Jorhat_150725.csv,3.13
3,"JMCH, Jorhat",15/07/2025,vanb,31.5,0.8,24185.9,10814.1,VRDL03_JMCH_Jorhat_150725.csv,16.84
3,"JMCH, Jorhat",15/07/2025,vanm,35.5,0.7,216.9,105.5,VRDL03_JMCH_Jorhat_150725.csv,0.15
3,"JMCH, Jorhat",15/07/2025,vim,25.5,1.2,319374.7,185741.4,VRDL03_JMCH_Jorhat_150725.csv,222.34
3,"JMCH, Jorhat",29/07/2025,cmy,24.2,0.1,898387.9,43709.2,VRDL03_JMCH_Jorhat_290725.csv,0
3,"JMCH, Jorhat",29/07/2025,ctxm,23.1,0.1,115617.9,9618.7,VRDL03_JMCH_Jorhat_290725.csv,0
3,"JMCH, Jorhat",29/07/2025,ent,,,0,0,VRDL03_JMCH_Jorhat_290725.csv,0
3,"JMCH, Jorhat",29/07/2025,ic,27.8,0,17726.2,594.9,VRDL03_JMCH_Jorhat_290725.csv,0
3,"JMCH, Jorhat",29/07/2025,imp,35.6,0.8,28.4,20,VRDL03_JMCH_Jorhat_290725.csv,0
3,"JMCH, Jorhat",29/07/2025,kpc,22.5,0.1,2821741.6,212697.8,VRDL03_JMCH_Jorhat_290725.csv,0
3,"JMCH, Jorhat",29/07/2025,mcr126,,,0,0,VRDL03_JMCH_Jorhat_290725.csv,0
3,"JMCH, Jorhat",29/07/2025,mcr3,34.7,0.2,28.9,4.8,VRDL03_JMCH_Jorhat_290725.csv,0
3,"JMCH, Jorhat",29/07/2025,mcr4,,,0,0,VRDL03_JMCH_Jorhat_290725.csv,0
3,"JMCH, Jorhat",29/07/2025,mcr5910,24.1,0.3,41093.1,10090.9,VRDL03_JMCH_Jorhat_290725.csv,0
3,"JMCH, Jorhat",29/07/2025,mcr7,34.8,1,14.9,12,VRDL03_JMCH_Jorhat_290725.csv,0
3,"JMCH, Jorhat",29/07/2025,mcr8,,,0,0,VRDL03_JMCH_Jorhat_290725.csv,0
3,"JMCH, Jorhat",29/07/2025,meca,37.5,,9.3,16.1,VRDL03_JMCH_Jorhat_290725.csv,0
3,"JMCH, Jorhat",29/07/2025,mtb,34.1,,83.8,145.2,VRDL03_JMCH_Jorhat_290725.csv,0
3,"JMCH, Jorhat",29/07/2025,ndm,23.2,0.1,1368826.3,93254.3,VRDL03_JMCH_Jorhat_290725.csv,0
3,"JMCH, Jorhat",29/07/2025,nuc,,,0,0,VRDL03_JMCH_Jorhat_290725.csv,0
3,"JMCH, Jorhat",29/07/2025,oxa,25.9,0,64220.7,1505.1,VRDL03_JMCH_Jorhat_290725.csv,0
3,"JMCH, Jorhat",29/07/2025,pvl,39,1.1,15.4,17.6,VRDL03_JMCH_Jorhat_290725.csv,0
3,"JMCH, Jorhat",29/07/2025,shv,30.4,0,8430,199.7,VRDL03_JMCH_Jorhat_290725.csv,0
3,"JMCH, Jorhat",29/07/2025,vana,33.3,0.4,233.1,71.4,VRDL03_JMCH_Jorhat_290725.csv,0
3,"JMCH, Jorhat",29/07/2025,vanb,32.2,0.4,14182.3,4273.5,VRDL03_JMCH_Jorhat_290725.csv,0
3,"JMCH, Jorhat",29/07/2025,vanm,35.1,0.1,272.7,27.7,VRDL03_JMCH_Jorhat_290725.csv,0
3,"JMCH, Jorhat",29/07/2025,vim,28,0,51855.7,1357.2,VRDL03_JMCH_Jorhat_290725.csv,0
6,"AHRR, Delhi",15/07/2025,cmy,22.3,0.1,3530102.6,367209.5,VRDL06_AHRR_Delhi_15072025.csv,0
6,"AHRR, Delhi",15/07/2025,ctxm,23.2,0.1,110529.1,11748.6,VRDL06_AHRR_Delhi_15072025.csv,0
6,"AHRR, Delhi",15/07/2025,ic,23.6,0.1,411361.5,35285.9,VRDL06_AHRR_Delhi_15072025.csv,0
6,"AHRR, Delhi",15/07/2025,imp,28.1,0.1,13215.7,993.9,VRDL06_AHRR_Delhi_15072025.csv,0
6,"AHRR, Delhi",15/07/2025,kpc,18.6,0.3,51830278,9714612.7,VRDL06_AHRR_Delhi_15072025.csv,0
6,"AHRR, Delhi",15/07/2025,mcr126,35.7,1.1,11.9,7.5,VRDL06_AHRR_Delhi_15072025.csv,0
6,"AHRR, Delhi",15/07/2025,mcr3,28.3,0.1,4048.3,283,VRDL06_AHRR_Delhi_15072025.csv,0
6,"AHRR, Delhi",15/07/2025,mcr4,29.4,0.1,3638.5,188.3,VRDL06_AHRR_Delhi_15072025.csv,0
6,"AHRR, Delhi",15/07/2025,mcr5910,23.5,0,70386,2311.6,VRDL06_AHRR_Delhi_15072025.csv,0
6,"AHRR, Delhi",15/07/2025,mcr7,32.5,0.3,89,24.1,VRDL06_AHRR_Delhi_15072025.csv,0
6,"AHRR, Delhi",15/07/2025,mcr8,34.6,0.9,64.1,45,VRDL06_AHRR_Delhi_15072025.csv,0
6,"AHRR, Delhi",15/07/2025,meca,33.8,1,416.3,234.4,VRDL06_AHRR_Delhi_15072025.csv,0
6,"AHRR, Delhi",15/07/2025,mtb,26.4,0.2,54961.9,8237.7,VRDL06_AHRR_Delhi_15072025.csv,0
6,"AHRR, Delhi",15/07/2025,ndm,21.7,0.1,4432513.3,264210.7,VRDL06_AHRR_Delhi_15072025.csv,0
6,"AHRR, Delhi",15/07/2025,nuc,35.2,0.2,12.3,1.4,VRDL06_AHRR_Delhi_15072025.csv,0
6,"AHRR, Delhi",15/07/2025,oxa,18.3,0.1,25889133.1,1712468.8,VRDL06_AHRR_Delhi_15072025.csv,0
6,"AHRR, Delhi",15/07/2025,pvl,34.6,,147.1,254.8,VRDL06_AHRR_Delhi_15072025.csv,0
6,"AHRR, Delhi",15/07/2025,shv,26.1,0.1,190087.6,10453,VRDL06_AHRR_Delhi_15072025.csv,0
6,"AHRR, Delhi",15/07/2025,vana,22.9,0.1,388995.9,28177.3,VRDL06_AHRR_Delhi_15072025.csv,0
6,"AHRR, Delhi",15/07/2025,vanb,25.1,0.1,1956079.3,145792.9,VRDL06_AHRR_Delhi_15072025.csv,0
6,"AHRR, Delhi",15/07/2025,vanm,25.4,0.2,177807.7,28372.4,VRDL06_AHRR_Delhi_15072025.csv,0
6,"AHRR, Delhi",15/07/2025,vim,26.7,0.3,127877.3,22363.1,VRDL06_AHRR_Delhi_15072025.csv,0
6,"AHRR, Delhi",15/07/2025,ent,,,,,VRDL06_AHRR_Delhi_15072025.csv,
6,"AHRR, Delhi",29/07/2025,cmy,22.8,0.1,2406310.4,111150.5,VRDL06_AHRR_Delhi_29072025.csv,172.57
6,"AHRR, Delhi",29/07/2025,ctxm,24.3,0.3,42047.6,12432.9,VRDL06_AHRR_Delhi_29072025.csv,3.02
6,"AHRR, Delhi",29/07/2025,ent,27.2,0.1,13943.6,583.5,VRDL06_AHRR_Delhi_29072025.csv,1
6,"AHRR, Delhi",29/07/2025,ic,25.1,0.1,138707.5,13441.7,VRDL06_AHRR_Delhi_29072025.csv,9.95
6,"AHRR, Delhi",29/07/2025,imp,29.1,0.1,5630.3,582.5,VRDL06_AHRR_Delhi_29072025.csv,0.4
6,"AHRR, Delhi",29/07/2025,kpc,18.7,0.1,48051066.6,3033773.5,VRDL06_AHRR_Delhi_29072025.csv,3446.1
6,"AHRR, Delhi",29/07/2025,mcr126,,,0,0,VRDL06_AHRR_Delhi_29072025.csv,0
6,"AHRR, Delhi",29/07/2025,mcr3,29.9,0,1142.2,12.7,VRDL06_AHRR_Delhi_29072025.csv,0.08
6,"AHRR, Delhi",29/07/2025,mcr4,30.3,0.1,1784,108.7,VRDL06_AHRR_Delhi_29072025.csv,0.13
6,"AHRR, Delhi",29/07/2025,mcr5910,23.8,0.1,51608.2,2402.7,VRDL06_AHRR_Delhi_29072025.csv,3.7
6,"AHRR, Delhi",29/07/2025,mcr7,34.6,0.7,15.1,9.8,VRDL06_AHRR_Delhi_29072025.csv,0
6,"AHRR, Delhi",29/07/2025,mcr8,37,1.4,13.9,15.1,VRDL06_AHRR_Delhi_29072025.csv,0
6,"AHRR, Delhi",29/07/2025,meca,34.8,0.4,194.3,51.9,VRDL06_AHRR_Delhi_29072025.csv,0.01
6,"AHRR, Delhi",29/07/2025,mtb,,,0,0,VRDL06_AHRR_Delhi_29072025.csv,0
6,"AHRR, Delhi",29/07/2025,ndm,22.4,0.1,2648748.5,213207.5,VRDL06_AHRR_Delhi_29072025.csv,189.96
6,"AHRR, Delhi",29/07/2025,nuc,35.6,0.6,10.1,3.8,VRDL06_AHRR_Delhi_29072025.csv,0
6,"AHRR, Delhi",29/07/2025,oxa,18.4,0.2,25483735.5,3662186.8,VRDL06_AHRR_Delhi_29072025.csv,1827.63
6,"AHRR, Delhi",29/07/2025,pvl,,,0,0,VRDL06_AHRR_Delhi_29072025.csv,0
6,"AHRR, Delhi",29/07/2025,shv,25.9,0.1,212031.7,11193.4,VRDL06_AHRR_Delhi_29072025.csv,15.21
6,"AHRR, Delhi",29/07/2025,vana,23.8,0,216082.7,7258.9,VRDL06_AHRR_Delhi_29072025.csv,15.5
6,"AHRR, Delhi",29/07/2025,vanb,25.1,0.1,1887757.1,68275.6,VRDL06_AHRR_Delhi_29072025.csv,135.39
6,"AHRR, Delhi",29/07/2025,vanm,25.5,0.1,168005.2,6211.3,VRDL06_AHRR_Delhi_29072025.csv,12.05
6,"AHRR, Delhi",29/07/2025,vim,27,0.2,100623.8,16676.9,VRDL06_AHRR_Delhi_29072025.csv,7.22
11,"GMC, Goa",1/8/2025,cmy,18.6,0.1,52199670.3,5116028.9,VRDL11_GMC_Goa_010825.csv,1198.28
11,"GMC, Goa",1/8/2025,ctxm,21.5,0.6,557357.3,265341.5,VRDL11_GMC_Goa_010825.csv,12.79
11,"GMC, Goa",1/8/2025,ent,25.7,0.2,43562.1,7961.4,VRDL11_GMC_Goa_010825.csv,1
11,"GMC, Goa",1/8/2025,ic,21.7,1,2042333,1162929.2,VRDL11_GMC_Goa_010825.csv,46.88
11,"GMC, Goa",1/8/2025,imp,24.4,0.5,307137.8,104747.2,VRDL11_GMC_Goa_010825.csv,7.05
11,"GMC, Goa",1/8/2025,kpc,16.5,0.4,243655587,66882104.2,VRDL11_GMC_Goa_010825.csv,5593.29
11,"GMC, Goa",1/8/2025,mcr126,,,0,0,VRDL11_GMC_Goa_010825.csv,0
11,"GMC, Goa",1/8/2025,mcr3,25.9,0.5,28491.4,9534.8,VRDL11_GMC_Goa_010825.csv,0.65
11,"GMC, Goa",1/8/2025,mcr4,28.9,0,5599,80.8,VRDL11_GMC_Goa_010825.csv,0.13
11,"GMC, Goa",1/8/2025,mcr5910,17.4,1.4,22118447.7,16139091.7,VRDL11_GMC_Goa_010825.csv,507.75
11,"GMC, Goa",1/8/2025,mcr7,31.2,0.2,291.3,44.8,VRDL11_GMC_Goa_010825.csv,0.01
11,"GMC, Goa",1/8/2025,mcr8,34.3,,23.2,40.2,VRDL11_GMC_Goa_010825.csv,0
11,"GMC, Goa",1/8/2025,meca,34.9,0.2,169.7,21.3,VRDL11_GMC_Goa_010825.csv,0
11,"GMC, Goa",1/8/2025,mtb,,,0,0,VRDL11_GMC_Goa_010825.csv,0
11,"GMC, Goa",1/8/2025,ndm,17,0.2,197770146.4,26039091.4,VRDL11_GMC_Goa_010825.csv,4539.96
11,"GMC, Goa",1/8/2025,nuc,32.6,0.5,89.7,33.2,VRDL11_GMC_Goa_010825.csv,0
11,"GMC, Goa",1/8/2025,oxa,19.3,0.4,12099084.9,3326592.7,VRDL11_GMC_Goa_010825.csv,277.74
11,"GMC, Goa",1/8/2025,pvl,,,0,0,VRDL11_GMC_Goa_010825.csv,0
11,"GMC, Goa",1/8/2025,shv,22.3,0.2,2728261.8,370767.9,VRDL11_GMC_Goa_010825.csv,62.63
11,"GMC, Goa",1/8/2025,vana,21.6,0.3,1026927.4,244493.5,VRDL11_GMC_Goa_010825.csv,23.57
11,"GMC, Goa",1/8/2025,vanb,23.6,0.2,5554431.2,857980.2,VRDL11_GMC_Goa_010825.csv,127.51
11,"GMC, Goa",1/8/2025,vanm,23.8,1.2,684543.8,597025.5,VRDL11_GMC_Goa_010825.csv,15.71
11,"GMC, Goa",1/8/2025,vim,18.5,0.1,30170491.9,1551227.2,VRDL11_GMC_Goa_010825.csv,692.59
11,"GMC, Goa",15/07/2025,cmy,18.4,0.2,60161810.5,6860707,VRDL11_GMC_Goa_150725.csv,422.69
11,"GMC, Goa",15/07/2025,ctxm,22,0,319694.9,2914.7,VRDL11_GMC_Goa_150725.csv,2.25
11,"GMC, Goa",15/07/2025,ent,24.1,0.2,142331.2,15825.8,VRDL11_GMC_Goa_150725.csv,1
11,"GMC, Goa",15/07/2025,ic,20.1,1.9,9280627.6,8628920.6,VRDL11_GMC_Goa_150725.csv,65.2
11,"GMC, Goa",15/07/2025,imp,25.2,0.8,186061.4,140809.9,VRDL11_GMC_Goa_150725.csv,1.31
11,"GMC, Goa",15/07/2025,kpc,18.3,0.5,68865986.2,26706707.6,VRDL11_GMC_Goa_150725.csv,483.84
11,"GMC, Goa",15/07/2025,mcr126,,,0,0,VRDL11_GMC_Goa_150725.csv,0
11,"GMC, Goa",15/07/2025,mcr3,27.8,0.3,6354.8,1353.4,VRDL11_GMC_Goa_150725.csv,0.04
11,"GMC, Goa",15/07/2025,mcr4,29.6,0.6,3403.1,1488.1,VRDL11_GMC_Goa_150725.csv,0.02
11,"GMC, Goa",15/07/2025,mcr5910,21,0.3,630287.5,208521.8,VRDL11_GMC_Goa_150725.csv,4.43
11,"GMC, Goa",15/07/2025,mcr7,31.5,0.3,225.2,63.1,VRDL11_GMC_Goa_150725.csv,0
11,"GMC, Goa",15/07/2025,mcr8,,,0,0,VRDL11_GMC_Goa_150725.csv,0
11,"GMC, Goa",15/07/2025,meca,35.5,0.2,118.4,15.6,VRDL11_GMC_Goa_150725.csv,0
11,"GMC, Goa",15/07/2025,mtb,,,0,0,VRDL11_GMC_Goa_150725.csv,0
11,"GMC, Goa",15/07/2025,ndm,18,0.5,94864780.6,38507063.4,VRDL11_GMC_Goa_150725.csv,666.51
11,"GMC, Goa",15/07/2025,nuc,32,0.3,139.5,33.7,VRDL11_GMC_Goa_150725.csv,0
11,"GMC, Goa",15/07/2025,oxa,18.8,0.8,21009388,12725058.6,VRDL11_GMC_Goa_150725.csv,147.61
11,"GMC, Goa",15/07/2025,pvl,37.3,,22.6,39.2,VRDL11_GMC_Goa_150725.csv,0
11,"GMC, Goa",15/07/2025,shv,22.5,0.2,2481903.6,335998.6,VRDL11_GMC_Goa_150725.csv,17.44
11,"GMC, Goa",15/07/2025,vana,20.5,0,2186033,35963.4,VRDL11_GMC_Goa_150725.csv,15.36
11,"GMC, Goa",15/07/2025,vanb,23.6,0.1,5489363.9,194625.7,VRDL11_GMC_Goa_150725.csv,38.57
11,"GMC, Goa",15/07/2025,vanm,21.5,0.2,1644597.2,1447069.8,VRDL11_GMC_Goa_150725.csv,11.55
11,"GMC, Goa",15/07/2025,vim,19.2,0.3,18203304.5,3982390.3,VRDL11_GMC_Goa_150725.csv,127.89
20,"NIMHANS, Bengaluru",1/7/2025,cmy,18.2,0.1,69616626,2735135.5,VRDL20_NIMHANS_Bengaluru_010725.csv,843.34
20,"NIMHANS, Bengaluru",1/7/2025,ctxm,24,0.2,53633.6,12177.4,VRDL20_NIMHANS_Bengaluru_010725.csv,0.65
20,"NIMHANS, Bengaluru",1/7/2025,ent,24.9,0.2,82548.3,11376.9,VRDL20_NIMHANS_Bengaluru_010725.csv,1
20,"NIMHANS, Bengaluru",1/7/2025,ic,23.5,0,449442.4,9129.9,VRDL20_NIMHANS_Bengaluru_010725.csv,5.44
20,"NIMHANS, Bengaluru",1/7/2025,imp,28.3,0.2,11752,2206.3,VRDL20_NIMHANS_Bengaluru_010725.csv,0.14
20,"NIMHANS, Bengaluru",1/7/2025,kpc,17.8,0.2,96450727.2,15336524.7,VRDL20_NIMHANS_Bengaluru_010725.csv,1168.42
20,"NIMHANS, Bengaluru",1/7/2025,mcr126,,,0,0,VRDL20_NIMHANS_Bengaluru_010725.csv,0
20,"NIMHANS, Bengaluru",1/7/2025,mcr3,26.1,0.2,22300,4238.1,VRDL20_NIMHANS_Bengaluru_010725.csv,0.27
20,"NIMHANS, Bengaluru",1/7/2025,mcr4,29.5,0.1,3431.5,147,VRDL20_NIMHANS_Bengaluru_010725.csv,0.04
20,"NIMHANS, Bengaluru",1/7/2025,mcr5910,23.7,0.1,58749.3,4582.7,VRDL20_NIMHANS_Bengaluru_010725.csv,0.71
20,"NIMHANS, Bengaluru",1/7/2025,mcr7,29.7,0.4,1082.8,419.3,VRDL20_NIMHANS_Bengaluru_010725.csv,0.01
20,"NIMHANS, Bengaluru",1/7/2025,mcr8,,,0,0,VRDL20_NIMHANS_Bengaluru_010725.csv,0
20,"NIMHANS, Bengaluru",1/7/2025,meca,36,0.3,81.1,16,VRDL20_NIMHANS_Bengaluru_010725.csv,0
20,"NIMHANS, Bengaluru",1/7/2025,mtb,,,0,0,VRDL20_NIMHANS_Bengaluru_010725.csv,0
20,"NIMHANS, Bengaluru",1/7/2025,ndm,18.1,0.1,82768009.7,6257357.1,VRDL20_NIMHANS_Bengaluru_010725.csv,1002.66
20,"NIMHANS, Bengaluru",1/7/2025,nuc,35.6,1.2,11.9,9.8,VRDL20_NIMHANS_Bengaluru_010725.csv,0
20,"NIMHANS, Bengaluru",1/7/2025,oxa,16.9,0.4,85680245.1,24581380.7,VRDL20_NIMHANS_Bengaluru_010725.csv,1037.94
20,"NIMHANS, Bengaluru",1/7/2025,pvl,,,0,0,VRDL20_NIMHANS_Bengaluru_010725.csv,0
20,"NIMHANS, Bengaluru",1/7/2025,shv,26,0,203982,5438.8,VRDL20_NIMHANS_Bengaluru_010725.csv,2.47
20,"NIMHANS, Bengaluru",1/7/2025,vana,23.4,0.3,289756.4,60522,VRDL20_NIMHANS_Bengaluru_010725.csv,3.51
20,"NIMHANS, Bengaluru",1/7/2025,vanb,28.1,0.2,237460.7,33321,VRDL20_NIMHANS_Bengaluru_010725.csv,2.88
20,"NIMHANS, Bengaluru",1/7/2025,vanm,32.3,0.4,1830.8,571.7,VRDL20_NIMHANS_Bengaluru_010725.csv,0.02
20,"NIMHANS, Bengaluru",1/7/2025,vim,22.2,0.1,2438788.3,82371.5,VRDL20_NIMHANS_Bengaluru_010725.csv,29.54
20,"NIMHANS, Bengaluru",15/07/2025,cmy,22.8,0,2479423.2,55775.6,VRDL20_NIMHANS_Bengaluru_150725.csv,4.18
20,"NIMHANS, Bengaluru",15/07/2025,ctxm,26.3,0.2,6815.9,1616.4,VRDL20_NIMHANS_Bengaluru_150725.csv,0.01
20,"NIMHANS, Bengaluru",15/07/2025,ent,24.7,3.4,593411.1,989671.9,VRDL20_NIMHANS_Bengaluru_150725.csv,1
20,"NIMHANS, Bengaluru",15/07/2025,ic,22.8,0.3,799456,152383.8,VRDL20_NIMHANS_Bengaluru_150725.csv,1.35
20,"NIMHANS, Bengaluru",15/07/2025,imp,32.5,0,336.1,12.2,VRDL20_NIMHANS_Bengaluru_150725.csv,0
20,"NIMHANS, Bengaluru",15/07/2025,kpc,22.5,0,2805890.9,59157.9,VRDL20_NIMHANS_Bengaluru_150725.csv,4.73
20,"NIMHANS, Bengaluru",15/07/2025,mcr126,27.6,,1850.1,3204.5,VRDL20_NIMHANS_Bengaluru_150725.csv,0
20,"NIMHANS, Bengaluru",15/07/2025,mcr3,30.3,0.5,893.8,316,VRDL20_NIMHANS_Bengaluru_150725.csv,0
20,"NIMHANS, Bengaluru",15/07/2025,mcr4,32.6,0.8,309.3,228,VRDL20_NIMHANS_Bengaluru_150725.csv,0
20,"NIMHANS, Bengaluru",15/07/2025,mcr5910,27.5,0.4,2076.4,814.4,VRDL20_NIMHANS_Bengaluru_150725.csv,0
20,"NIMHANS, Bengaluru",15/07/2025,mcr7,35.9,1.1,5.9,4.3,VRDL20_NIMHANS_Bengaluru_150725.csv,0
20,"NIMHANS, Bengaluru",15/07/2025,mcr8,,,0,0,VRDL20_NIMHANS_Bengaluru_150725.csv,0
20,"NIMHANS, Bengaluru",15/07/2025,meca,,,0,0,VRDL20_NIMHANS_Bengaluru_150725.csv,0
20,"NIMHANS, Bengaluru",15/07/2025,mtb,36.8,,13.1,22.7,VRDL20_NIMHANS_Bengaluru_150725.csv,0
20,"NIMHANS, Bengaluru",15/07/2025,ndm,24.6,0.2,442994.2,57494.2,VRDL20_NIMHANS_Bengaluru_150725.csv,0.75
20,"NIMHANS, Bengaluru",15/07/2025,nuc,35,0.8,16.6,8.2,VRDL20_NIMHANS_Bengaluru_150725.csv,0
20,"NIMHANS, Bengaluru",15/07/2025,oxa,21.7,0.1,1851929.4,172086.3,VRDL20_NIMHANS_Bengaluru_150725.csv,3.12
20,"NIMHANS, Bengaluru",15/07/2025,pvl,,,0,0,VRDL20_NIMHANS_Bengaluru_150725.csv,0
20,"NIMHANS, Bengaluru",15/07/2025,shv,29.5,0,16375.3,283.9,VRDL20_NIMHANS_Bengaluru_150725.csv,0.03
20,"NIMHANS, Bengaluru",15/07/2025,vana,30.2,0.1,2202,155.4,VRDL20_NIMHANS_Bengaluru_150725.csv,0
20,"NIMHANS, Bengaluru",15/07/2025,vanb,30.7,0.2,38960.7,5870.9,VRDL20_NIMHANS_Bengaluru_150725.csv,0.07
20,"NIMHANS, Bengaluru",15/07/2025,vanm,35.5,0.6,210.8,95.2,VRDL20_NIMHANS_Bengaluru_150725.csv,0
20,"NIMHANS, Bengaluru",15/07/2025,vim,27.6,0.2,67458.6,7844.2,VRDL20_NIMHANS_Bengaluru_150725.csv,0.11
20,"NIMHANS, Bengaluru",17/06/2025,cmy,18.2,0.1,72909199.8,7581460.8,VRDL20_NIMHANS_Bengaluru_170625.csv,492.29
20,"NIMHANS, Bengaluru",17/06/2025,ctxm,23.3,0.1,97590,6166.4,VRDL20_NIMHANS_Bengaluru_170625.csv,0.66
20,"NIMHANS, Bengaluru",17/06/2025,ent,24.1,0.2,148102.9,19174.3,VRDL20_NIMHANS_Bengaluru_170625.csv,1
20,"NIMHANS, Bengaluru",17/06/2025,ic,24.4,0.4,232681.4,65690.6,VRDL20_NIMHANS_Bengaluru_170625.csv,1.57
20,"NIMHANS, Bengaluru",17/06/2025,imp,29,0.1,6318.1,737.3,VRDL20_NIMHANS_Bengaluru_170625.csv,0.04
20,"NIMHANS, Bengaluru",17/06/2025,kpc,17.9,0,85563583.6,2071933.7,VRDL20_NIMHANS_Bengaluru_170625.csv,577.73
20,"NIMHANS, Bengaluru",17/06/2025,mcr126,,,0,0,VRDL20_NIMHANS_Bengaluru_170625.csv,0
20,"NIMHANS, Bengaluru",17/06/2025,mcr3,28.2,0.1,4612.2,255.4,VRDL20_NIMHANS_Bengaluru_170625.csv,0.03
20,"NIMHANS, Bengaluru",17/06/2025,mcr4,30.2,0.2,1908.2,325,VRDL20_NIMHANS_Bengaluru_170625.csv,0.01
20,"NIMHANS, Bengaluru",17/06/2025,mcr7,27.6,0.1,6706.9,578.5,VRDL20_NIMHANS_Bengaluru_170625.csv,0.05
20,"NIMHANS, Bengaluru",17/06/2025,mcr8,,,0,0,VRDL20_NIMHANS_Bengaluru_170625.csv,0
20,"NIMHANS, Bengaluru",17/06/2025,meca,36.9,0.6,43.8,16.7,VRDL20_NIMHANS_Bengaluru_170625.csv,0
20,"NIMHANS, Bengaluru",17/06/2025,mtb,27.3,,9265.2,16047.8,VRDL20_NIMHANS_Bengaluru_170625.csv,0.06
20,"NIMHANS, Bengaluru",17/06/2025,ndm,22.2,0.2,2909384.9,441007,VRDL20_NIMHANS_Bengaluru_170625.csv,19.64
20,"NIMHANS, Bengaluru",17/06/2025,nuc,37.1,1.8,4.7,3.5,VRDL20_NIMHANS_Bengaluru_170625.csv,0
20,"NIMHANS, Bengaluru",17/06/2025,oxa,17.6,0.1,45899817.8,2955759.2,VRDL20_NIMHANS_Bengaluru_170625.csv,309.92
20,"NIMHANS, Bengaluru",17/06/2025,pvl,,,0,0,VRDL20_NIMHANS_Bengaluru_170625.csv,0
20,"NIMHANS, Bengaluru",17/06/2025,shv,26.4,0.1,151701.1,14017.3,VRDL20_NIMHANS_Bengaluru_170625.csv,1.02
20,"NIMHANS, Bengaluru",17/06/2025,vana,26,0.2,45065.3,5377.2,VRDL20_NIMHANS_Bengaluru_170625.csv,0.3
20,"NIMHANS, Bengaluru",17/06/2025,vanb,28.1,0.2,247367.4,29236.7,VRDL20_NIMHANS_Bengaluru_170625.csv,1.67
20,"NIMHANS, Bengaluru",17/06/2025,vanm,30.1,0,7570.3,173.6,VRDL20_NIMHANS_Bengaluru_170625.csv,0.05
20,"NIMHANS, Bengaluru",17/06/2025,vim,25.4,0.2,303891.7,38608,VRDL20_NIMHANS_Bengaluru_170625.csv,2.05
20,"NIMHANS, Bengaluru",17/06/2025,mcr5910,,,0,0,VRDL20_NIMHANS_Bengaluru_170625.csv,0
20,"NIMHANS, BENGALURU",29/07/2025,cmy,17.3,0.2,133284750.5,17530783.8,VRDL20_NIMHANS_BENGALURU_290725.csv,349.32
20,"NIMHANS, BENGALURU",29/07/2025,ctxm,22.1,0.2,309976.6,54648.8,VRDL20_NIMHANS_BENGALURU_290725.csv,0.81
20,"NIMHANS, BENGALURU",29/07/2025,ent,22.8,0.3,381555.1,76172.5,VRDL20_NIMHANS_BENGALURU_290725.csv,1
20,"NIMHANS, BENGALURU",29/07/2025,ic,23.4,0.2,499593.9,72214.4,VRDL20_NIMHANS_BENGALURU_290725.csv,1.31
20,"NIMHANS, BENGALURU",29/07/2025,imp,28.4,0.1,9972,1121.4,VRDL20_NIMHANS_BENGALURU_290725.csv,0.03
20,"NIMHANS, BENGALURU",29/07/2025,kpc,17.7,0,102379658.6,3745619.6,VRDL20_NIMHANS_BENGALURU_290725.csv,268.32
20,"NIMHANS, BENGALURU",29/07/2025,mcr126,18.8,0.9,4311923.7,4699546.4,VRDL20_NIMHANS_BENGALURU_290725.csv,11.3
20,"NIMHANS, BENGALURU",29/07/2025,mcr3,26.1,0.1,23746,2648.2,VRDL20_NIMHANS_BENGALURU_290725.csv,0.06
20,"NIMHANS, BENGALURU",29/07/2025,mcr4,28.3,0.1,9033.4,735.6,VRDL20_NIMHANS_BENGALURU_290725.csv,0.02
20,"NIMHANS, BENGALURU",29/07/2025,mcr5910,22.9,0.1,119642.4,12935.9,VRDL20_NIMHANS_BENGALURU_290725.csv,0.31
20,"NIMHANS, BENGALURU",29/07/2025,mcr7,30.4,0.2,554.5,82,VRDL20_NIMHANS_BENGALURU_290725.csv,0
20,"NIMHANS, BENGALURU",29/07/2025,mcr8,35.2,,12,20.7,VRDL20_NIMHANS_BENGALURU_290725.csv,0
20,"NIMHANS, BENGALURU",29/07/2025,meca,34,0.4,325.9,79.4,VRDL20_NIMHANS_BENGALURU_290725.csv,0
20,"NIMHANS, BENGALURU",29/07/2025,mtb,34.5,0.8,212.5,93.6,VRDL20_NIMHANS_BENGALURU_290725.csv,0
20,"NIMHANS, BENGALURU",29/07/2025,ndm,19.5,0.2,25687994.9,4183009.9,VRDL20_NIMHANS_BENGALURU_290725.csv,67.32
20,"NIMHANS, BENGALURU",29/07/2025,nuc,33,0.4,64.3,22,VRDL20_NIMHANS_BENGALURU_290725.csv,0
20,"NIMHANS, BENGALURU",29/07/2025,oxa,17.1,0.1,66884911.2,7374379.5,VRDL20_NIMHANS_BENGALURU_290725.csv,175.3
20,"NIMHANS, BENGALURU",29/07/2025,pvl,36,,56.3,97.6,VRDL20_NIMHANS_BENGALURU_290725.csv,0
20,"NIMHANS, BENGALURU",29/07/2025,shv,24.2,0.2,735408.2,86658.4,VRDL20_NIMHANS_BENGALURU_290725.csv,1.93
20,"NIMHANS, BENGALURU",29/07/2025,vana,23.2,0.1,325228.4,29368.6,VRDL20_NIMHANS_BENGALURU_290725.csv,0.85
20,"NIMHANS, BENGALURU",29/07/2025,vanb,28.4,0.1,187734.2,17389.4,VRDL20_NIMHANS_BENGALURU_290725.csv,0.49
20,"NIMHANS, BENGALURU",29/07/2025,vanm,27.9,0.3,34203.8,6073.3,VRDL20_NIMHANS_BENGALURU_290725.csv,0.09
20,"NIMHANS, BENGALURU",29/07/2025,vim,23.1,0.1,1388946.6,79736.1,VRDL20_NIMHANS_BENGALURU_290725.csv,3.64
24,"SCTIMS, Trivandrum",15/07/2025,cmy,31.4,0.2,4815.5,611.4,VRDL24_SCTIMS_Trivandrum_150725.csv,1.64
24,"SCTIMS, Trivandrum",15/07/2025,ctxm,25.1,0.9,23458.9,16381.7,VRDL24_SCTIMS_Trivandrum_150725.csv,8.01
24,"SCTIMS, Trivandrum",15/07/2025,ent,29.3,0.2,2930.3,417,VRDL24_SCTIMS_Trivandrum_150725.csv,1
24,"SCTIMS, Trivandrum",15/07/2025,ic,25.9,0.4,73406.2,19344.2,VRDL24_SCTIMS_Trivandrum_150725.csv,25.05
24,"SCTIMS, Trivandrum",15/07/2025,imp,33.3,0.9,199.6,155,VRDL24_SCTIMS_Trivandrum_150725.csv,0.07
24,"SCTIMS, Trivandrum",15/07/2025,kpc,34.7,4.4,2159.5,3110.4,VRDL24_SCTIMS_Trivandrum_150725.csv,0.74
24,"SCTIMS, Trivandrum",15/07/2025,mcr126,,,0,0,VRDL24_SCTIMS_Trivandrum_150725.csv,0
24,"SCTIMS, Trivandrum",15/07/2025,mcr3,34.2,0.1,43.2,4.3,VRDL24_SCTIMS_Trivandrum_150725.csv,0.01
24,"SCTIMS, Trivandrum",15/07/2025,mcr4,,,0,0,VRDL24_SCTIMS_Trivandrum_150725.csv,0
24,"SCTIMS, Trivandrum",15/07/2025,mcr5910,29.3,0.3,411.7,129.5,VRDL24_SCTIMS_Trivandrum_150725.csv,0.14
24,"SCTIMS, Trivandrum",15/07/2025,mcr7,22.9,4.2,1939375.9,3333320.9,VRDL24_SCTIMS_Trivandrum_150725.csv,661.84
24,"SCTIMS, Trivandrum",15/07/2025,mcr8,,,0,0,VRDL24_SCTIMS_Trivandrum_150725.csv,0
24,"SCTIMS, Trivandrum",15/07/2025,meca,38.7,0.4,12.5,4.1,VRDL24_SCTIMS_Trivandrum_150725.csv,0
24,"SCTIMS, Trivandrum",15/07/2025,mtb,,,0,0,VRDL24_SCTIMS_Trivandrum_150725.csv,0
24,"SCTIMS, Trivandrum",15/07/2025,ndm,28.9,0.3,14178.7,3533.2,VRDL24_SCTIMS_Trivandrum_150725.csv,4.84
24,"SCTIMS, Trivandrum",15/07/2025,nuc,,,0,0,VRDL24_SCTIMS_Trivandrum_150725.csv,0
24,"SCTIMS, Trivandrum",15/07/2025,oxa,27.3,1.9,44814.7,62087.4,VRDL24_SCTIMS_Trivandrum_150725.csv,15.29
24,"SCTIMS, Trivandrum",15/07/2025,pvl,,,0,0,VRDL24_SCTIMS_Trivandrum_150725.csv,0
24,"SCTIMS, Trivandrum",15/07/2025,shv,35.2,1.1,322.7,184.5,VRDL24_SCTIMS_Trivandrum_150725.csv,0.11
24,"SCTIMS, Trivandrum",15/07/2025,vana,34.8,1.4,66.7,84.6,VRDL24_SCTIMS_Trivandrum_150725.csv,0.02
24,"SCTIMS, Trivandrum",15/07/2025,vanb,,,0,0,VRDL24_SCTIMS_Trivandrum_150725.csv,0
24,"SCTIMS, Trivandrum",15/07/2025,vanm,,,0,0,VRDL24_SCTIMS_Trivandrum_150725.csv,0
24,"SCTIMS, Trivandrum",15/07/2025,vim,29.5,0.6,19788.3,7278.1,VRDL24_SCTIMS_Trivandrum_150725.csv,6.75
24,"SCTIMS, Trivandrum",29/07/2025,cmy,34,0.1,735.5,37.6,VRDL24_SCTIMS_Trivandrum_300725.csv,0.73
24,"SCTIMS, Trivandrum",29/07/2025,ctxm,21.9,0.1,348923,18842.1,VRDL24_SCTIMS_Trivandrum_300725.csv,346.05
24,"SCTIMS, Trivandrum",29/07/2025,ent,30.8,0.1,1008.3,99.1,VRDL24_SCTIMS_Trivandrum_300725.csv,1
24,"SCTIMS, Trivandrum",29/07/2025,ic,25.6,0.4,93190.6,24390.8,VRDL24_SCTIMS_Trivandrum_300725.csv,92.42
24,"SCTIMS, Trivandrum",29/07/2025,imp,37.5,0.9,5.6,3.7,VRDL24_SCTIMS_Trivandrum_300725.csv,0.01
24,"SCTIMS, Trivandrum",29/07/2025,kpc,24.1,0.3,923615.9,172292.6,VRDL24_SCTIMS_Trivandrum_300725.csv,916.01
24,"SCTIMS, Trivandrum",29/07/2025,mcr126,,,0,0,VRDL24_SCTIMS_Trivandrum_300725.csv,0
24,"SCTIMS, Trivandrum",29/07/2025,mcr3,31.7,0.6,307.3,126.1,VRDL24_SCTIMS_Trivandrum_300725.csv,0.3
24,"SCTIMS, Trivandrum",29/07/2025,mcr4,,,0,0,VRDL24_SCTIMS_Trivandrum_300725.csv,0
24,"SCTIMS, Trivandrum",29/07/2025,mcr5910,23.4,0.1,72358.9,5186.8,VRDL24_SCTIMS_Trivandrum_300725.csv,71.76
24,"SCTIMS, Trivandrum",29/07/2025,mcr7,,,0,0,VRDL24_SCTIMS_Trivandrum_300725.csv,0
24,"SCTIMS, Trivandrum",29/07/2025,mcr8,,,0,0,VRDL24_SCTIMS_Trivandrum_300725.csv,0
24,"SCTIMS, Trivandrum",29/07/2025,meca,38,0.4,21.1,6.5,VRDL24_SCTIMS_Trivandrum_300725.csv,0.02
24,"SCTIMS, Trivandrum",29/07/2025,mtb,,,0,0,VRDL24_SCTIMS_Trivandrum_300725.csv,0
24,"SCTIMS, Trivandrum",29/07/2025,ndm,26.4,0.1,97924.5,11059.8,VRDL24_SCTIMS_Trivandrum_300725.csv,97.12
24,"SCTIMS, Trivandrum",29/07/2025,nuc,39.8,,0.1,0.2,VRDL24_SCTIMS_Trivandrum_300725.csv,0
24,"SCTIMS, Trivandrum",29/07/2025,oxa,31.5,0.6,807.2,323.5,VRDL24_SCTIMS_Trivandrum_300725.csv,0.8
24,"SCTIMS, Trivandrum",29/07/2025,pvl,,,0,0,VRDL24_SCTIMS_Trivandrum_300725.csv,0
24,"SCTIMS, Trivandrum",29/07/2025,shv,32.1,0,2502,60.3,VRDL24_SCTIMS_Trivandrum_300725.csv,2.48
24,"SCTIMS, Trivandrum",29/07/2025,vana,,,0,0,VRDL24_SCTIMS_Trivandrum_300725.csv,0
24,"SCTIMS, Trivandrum",29/07/2025,vanb,,,0,0,VRDL24_SCTIMS_Trivandrum_300725.csv,0
24,"SCTIMS, Trivandrum",29/07/2025,vanm,,,0,0,VRDL24_SCTIMS_Trivandrum_300725.csv,0
24,"SCTIMS, Trivandrum",29/07/2025,vim,30.3,0.2,11189.8,1442.8,VRDL24_SCTIMS_Trivandrum_300725.csv,11.1
25,"AIIMS, Bhopal",17/06/2025,cmy,28.7,0.1,24934.3,16711.1,VRDL25_AIIMS_Bhopal_170625.csv,12.38
25,"AIIMS, Bhopal",17/06/2025,ctxm,29.2,0,337.3,225,VRDL25_AIIMS_Bhopal_170625.csv,0.17
25,"AIIMS, Bhopal",17/06/2025,ent,29.5,0.4,2013.6,1474.4,VRDL25_AIIMS_Bhopal_170625.csv,1
25,"AIIMS, Bhopal",17/06/2025,ic,26.5,1.1,64025.8,61388,VRDL25_AIIMS_Bhopal_170625.csv,31.8
25,"AIIMS, Bhopal",17/06/2025,imp,,,0,0,VRDL25_AIIMS_Bhopal_170625.csv,0
25,"AIIMS, Bhopal",17/06/2025,kpc,30.2,0.2,7304.7,4988.4,VRDL25_AIIMS_Bhopal_170625.csv,3.63
25,"AIIMS, Bhopal",17/06/2025,mcr126,,,0,0,VRDL25_AIIMS_Bhopal_170625.csv,0
25,"AIIMS, Bhopal",17/06/2025,mcr3,35.1,0.4,16.3,12.2,VRDL25_AIIMS_Bhopal_170625.csv,0.01
25,"AIIMS, Bhopal",17/06/2025,mcr4,37.2,0.4,4.3,3.2,VRDL25_AIIMS_Bhopal_170625.csv,0
25,"AIIMS, Bhopal",17/06/2025,mcr5910,30,0.1,157.5,106.8,VRDL25_AIIMS_Bhopal_170625.csv,0.08
25,"AIIMS, Bhopal",17/06/2025,mcr7,34.7,0.2,9.2,6.4,VRDL25_AIIMS_Bhopal_170625.csv,0
25,"AIIMS, Bhopal",17/06/2025,mcr8,,,0,0,VRDL25_AIIMS_Bhopal_170625.csv,0
25,"AIIMS, Bhopal",17/06/2025,meca,39.3,0.9,4.5,6,VRDL25_AIIMS_Bhopal_170625.csv,0
25,"AIIMS, Bhopal",17/06/2025,mtb,,,0,0,VRDL25_AIIMS_Bhopal_170625.csv,0
25,"AIIMS, Bhopal",17/06/2025,ndm,29.8,0.1,4862.8,3255.6,VRDL25_AIIMS_Bhopal_170625.csv,2.41
25,"AIIMS, Bhopal",17/06/2025,nuc,39.9,,0.1,0.2,VRDL25_AIIMS_Bhopal_170625.csv,0
25,"AIIMS, Bhopal",17/06/2025,oxa,28.7,0.5,5463.8,4486.8,VRDL25_AIIMS_Bhopal_170625.csv,2.71
25,"AIIMS, Bhopal",17/06/2025,pvl,39.9,,2.8,5.5,VRDL25_AIIMS_Bhopal_170625.csv,0
25,"AIIMS, Bhopal",17/06/2025,shv,30.6,0.1,5535.1,3699,VRDL25_AIIMS_Bhopal_170625.csv,2.75
25,"AIIMS, Bhopal",17/06/2025,vana,34.9,0.2,54.4,36.9,VRDL25_AIIMS_Bhopal_170625.csv,0.03
25,"AIIMS, Bhopal",17/06/2025,vanb,33.5,0.1,4246.2,2846.9,VRDL25_AIIMS_Bhopal_170625.csv,2.11
25,"AIIMS, Bhopal",17/06/2025,vanm,,,0,0,VRDL25_AIIMS_Bhopal_170625.csv,0
25,"AIIMS, Bhopal",17/06/2025,vim,32.5,0.6,1999.4,1565.1,VRDL25_AIIMS_Bhopal_170625.csv,0.99
31,"AFMC, Pune",15/07/2025,cmy,21.4,0.5,7101399.3,2401701.5,VRDL31_AFMC_Pune_150725.csv,893.16
31,"AFMC, Pune",15/07/2025,ctxm,23.7,1.2,95942,64501.7,VRDL31_AFMC_Pune_150725.csv,12.07
31,"AFMC, Pune",15/07/2025,ent,27.5,0.2,7950.9,6968.2,VRDL31_AFMC_Pune_150725.csv,1
31,"AFMC, Pune",15/07/2025,ic,25.4,0.1,109143.1,7972.2,VRDL31_AFMC_Pune_150725.csv,13.73
31,"AFMC, Pune",15/07/2025,imp,31.5,0.9,844.9,462.2,VRDL31_AFMC_Pune_150725.csv,0.11
31,"AFMC, Pune",15/07/2025,kpc,18.2,0.4,71463015.3,18931943.2,VRDL31_AFMC_Pune_150725.csv,8988.04
31,"AFMC, Pune",15/07/2025,mcr126,,,0,0,VRDL31_AFMC_Pune_150725.csv,0
31,"AFMC, Pune",15/07/2025,mcr3,25,0,34866.9,30201,VRDL31_AFMC_Pune_150725.csv,4.39
31,"AFMC, Pune",15/07/2025,mcr4,28.4,0,5810.9,5038.3,VRDL31_AFMC_Pune_150725.csv,0.73
31,"AFMC, Pune",15/07/2025,mcr5910,21,0.1,405629.8,352335.5,VRDL31_AFMC_Pune_150725.csv,51.02
31,"AFMC, Pune",15/07/2025,mcr7,28.9,0,1352.8,1171.9,VRDL31_AFMC_Pune_150725.csv,0.17
31,"AFMC, Pune",15/07/2025,mcr8,35.3,,11,19,VRDL31_AFMC_Pune_150725.csv,0
31,"AFMC, Pune",15/07/2025,meca,35.1,0.5,157.6,57,VRDL31_AFMC_Pune_150725.csv,0.02
31,"AFMC, Pune",15/07/2025,mtb,,,0,0,VRDL31_AFMC_Pune_150725.csv,0
31,"AFMC, Pune",15/07/2025,ndm,21.3,0.6,6626626.6,2801992.9,VRDL31_AFMC_Pune_150725.csv,833.44
31,"AFMC, Pune",15/07/2025,nuc,34,0.8,35.1,21.3,VRDL31_AFMC_Pune_150725.csv,0
31,"AFMC, Pune",15/07/2025,oxa,17.5,0.4,51127135.7,15892814.5,VRDL31_AFMC_Pune_150725.csv,6430.36
31,"AFMC, Pune",15/07/2025,pvl,,,0,0,VRDL31_AFMC_Pune_150725.csv,0
31,"AFMC, Pune",15/07/2025,shv,26.1,0.6,194863.8,77630.7,VRDL31_AFMC_Pune_150725.csv,24.51
31,"AFMC, Pune",15/07/2025,vana,22.1,0.6,737520.8,265954,VRDL31_AFMC_Pune_150725.csv,92.76
31,"AFMC, Pune",15/07/2025,vanb,27.8,0.3,307553.5,68157.8,VRDL31_AFMC_Pune_150725.csv,38.68
31,"AFMC, Pune",15/07/2025,vanm,27.3,1.2,60255.1,39955.5,VRDL31_AFMC_Pune_150725.csv,7.58
31,"AFMC, Pune",15/07/2025,vim,24.2,0.2,678978.9,100490.4,VRDL31_AFMC_Pune_150725.csv,85.4
33,"JNIMS, Imphal",15/07/2025,cmy,25,0,484715.5,4739.1,VRDL33_JNIMS_Imphal_150725.csv,974.69
33,"JNIMS, Imphal",15/07/2025,ctxm,29.8,0.2,259.8,46.9,VRDL33_JNIMS_Imphal_150725.csv,0.52
33,"JNIMS, Imphal",15/07/2025,ent,31.7,0.3,497.3,102.4,VRDL33_JNIMS_Imphal_150725.csv,1
33,"JNIMS, Imphal",15/07/2025,ic,27,0.5,33517.5,11072.6,VRDL33_JNIMS_Imphal_150725.csv,67.4
33,"JNIMS, Imphal",15/07/2025,imp,30.5,0.2,1794.7,336.6,VRDL33_JNIMS_Imphal_150725.csv,3.61
33,"JNIMS, Imphal",15/07/2025,kpc,25.7,0.2,270110.7,32104.8,VRDL33_JNIMS_Imphal_150725.csv,543.15
33,"JNIMS, Imphal",15/07/2025,mcr126,,,0,0,VRDL33_JNIMS_Imphal_150725.csv,0
33,"JNIMS, Imphal",15/07/2025,mcr3,34.1,0,44.5,1.3,VRDL33_JNIMS_Imphal_150725.csv,0.09
33,"JNIMS, Imphal",15/07/2025,mcr4,39.6,0.3,0.5,0.4,VRDL33_JNIMS_Imphal_150725.csv,0
33,"JNIMS, Imphal",15/07/2025,mcr5910,32.5,0.2,24,4.7,VRDL33_JNIMS_Imphal_150725.csv,0.05
33,"JNIMS, Imphal",15/07/2025,mcr7,,,0,0,VRDL33_JNIMS_Imphal_150725.csv,0
33,"JNIMS, Imphal",15/07/2025,mcr8,,,0,0,VRDL33_JNIMS_Imphal_150725.csv,0
33,"JNIMS, Imphal",15/07/2025,meca,36.1,0.1,72.5,3.5,VRDL33_JNIMS_Imphal_150725.csv,0.15
33,"JNIMS, Imphal",15/07/2025,mtb,,,0,0,VRDL33_JNIMS_Imphal_150725.csv,0
33,"JNIMS, Imphal",15/07/2025,ndm,25.8,0.1,161735.5,18843.4,VRDL33_JNIMS_Imphal_150725.csv,325.23
33,"JNIMS, Imphal",15/07/2025,nuc,38.9,,0.3,0.5,VRDL33_JNIMS_Imphal_150725.csv,0
33,"JNIMS, Imphal",15/07/2025,oxa,24.5,0.2,189014.5,35584.5,VRDL33_JNIMS_Imphal_150725.csv,380.08
33,"JNIMS, Imphal",15/07/2025,pvl,,,0,0,VRDL33_JNIMS_Imphal_150725.csv,0
33,"JNIMS, Imphal",15/07/2025,shv,30,0.1,11819.4,426.9,VRDL33_JNIMS_Imphal_150725.csv,23.77
33,"JNIMS, Imphal",15/07/2025,vana,29.2,0.1,4454.6,302.8,VRDL33_JNIMS_Imphal_150725.csv,8.96
33,"JNIMS, Imphal",15/07/2025,vanb,36.6,0,632.6,18.9,VRDL33_JNIMS_Imphal_150725.csv,1.27
33,"JNIMS, Imphal",15/07/2025,vanm,,,0,0,VRDL33_JNIMS_Imphal_150725.csv,0
33,"JNIMS, Imphal",15/07/2025,vim,30.1,0.2,12983.1,1439.1,VRDL33_JNIMS_Imphal_150725.csv,26.11
33,"JNIMS, Imphal",29/07/2025,cmy,28.8,0.1,31374.4,1718.3,VRDL33_JNIMS_Imphal_290725.csv,67.41
33,"JNIMS, Imphal",29/07/2025,ctxm,29.7,0.1,288.4,20.9,VRDL33_JNIMS_Imphal_290725.csv,0.62
33,"JNIMS, Imphal",29/07/2025,ent,31.8,0.4,465.4,162.2,VRDL33_JNIMS_Imphal_290725.csv,1
33,"JNIMS, Imphal",29/07/2025,ic,25.9,0.1,75282.7,7877.4,VRDL33_JNIMS_Imphal_290725.csv,161.76
33,"JNIMS, Imphal",29/07/2025,imp,30.6,0.2,1654.6,302.4,VRDL33_JNIMS_Imphal_290725.csv,3.56
33,"JNIMS, Imphal",29/07/2025,kpc,25.5,0.1,312734.3,16154.2,VRDL33_JNIMS_Imphal_290725.csv,671.97
33,"JNIMS, Imphal",29/07/2025,mcr126,,,0,0,VRDL33_JNIMS_Imphal_290725.csv,0
33,"JNIMS, Imphal",29/07/2025,mcr3,39.6,,0.2,0.4,VRDL33_JNIMS_Imphal_290725.csv,0
33,"JNIMS, Imphal",29/07/2025,mcr4,,,0,0,VRDL33_JNIMS_Imphal_290725.csv,0
33,"JNIMS, Imphal",29/07/2025,mcr5910,32.5,0.2,24.7,4.3,VRDL33_JNIMS_Imphal_290725.csv,0.05
33,"JNIMS, Imphal",29/07/2025,mcr7,,,0,0,VRDL33_JNIMS_Imphal_290725.csv,0
33,"JNIMS, Imphal",29/07/2025,mcr8,,,0,0,VRDL33_JNIMS_Imphal_290725.csv,0
33,"JNIMS, Imphal",29/07/2025,meca,37.8,0.9,26.4,17.6,VRDL33_JNIMS_Imphal_290725.csv,0.06
33,"JNIMS, Imphal",29/07/2025,mtb,,,0,0,VRDL33_JNIMS_Imphal_290725.csv,0
33,"JNIMS, Imphal",29/07/2025,ndm,26.6,0.1,84749.3,5414.9,VRDL33_JNIMS_Imphal_290725.csv,182.1
33,"JNIMS, Imphal",29/07/2025,nuc,,,0,0,VRDL33_JNIMS_Imphal_290725.csv,0
33,"JNIMS, Imphal",29/07/2025,oxa,26.9,0.2,28828.6,3823.5,VRDL33_JNIMS_Imphal_290725.csv,61.94
33,"JNIMS, Imphal",29/07/2025,pvl,,,0,0,VRDL33_JNIMS_Imphal_290725.csv,0
33,"JNIMS, Imphal",29/07/2025,shv,29.9,0.2,12722.8,1467.7,VRDL33_JNIMS_Imphal_290725.csv,27.34
33,"JNIMS, Imphal",29/07/2025,vana,29,0,5075.2,122.7,VRDL33_JNIMS_Imphal_290725.csv,10.91
33,"JNIMS, Imphal",29/07/2025,vanb,37.1,0.7,506.6,236.3,VRDL33_JNIMS_Imphal_290725.csv,1.09
33,"JNIMS, Imphal",29/07/2025,vanm,,,0,0,VRDL33_JNIMS_Imphal_290725.csv,0
33,"JNIMS, Imphal",29/07/2025,vim,34.7,0.3,602.5,127.1,VRDL33_JNIMS_Imphal_290725.csv,1.29
34,"NEIGRIHMS, Shillong",1/7/2025,cmy,24.4,0,756877.6,16343.8,VRDL34_NEIGRIHMS_Shillong_010725.csv,0
34,"NEIGRIHMS, Shillong",1/7/2025,ctxm,24.6,0,31967.6,1386.1,VRDL34_NEIGRIHMS_Shillong_010725.csv,0
34,"NEIGRIHMS, Shillong",1/7/2025,ent,,,0,0,VRDL34_NEIGRIHMS_Shillong_010725.csv,0
34,"NEIGRIHMS, Shillong",1/7/2025,ic,16.8,0.1,69459246.8,4797735.8,VRDL34_NEIGRIHMS_Shillong_010725.csv,0
34,"NEIGRIHMS, Shillong",1/7/2025,imp,30.9,0.4,1270,389.2,VRDL34_NEIGRIHMS_Shillong_010725.csv,0
34,"NEIGRIHMS, Shillong",1/7/2025,kpc,26.2,0.1,187892.2,15359.3,VRDL34_NEIGRIHMS_Shillong_010725.csv,0
34,"NEIGRIHMS, Shillong",1/7/2025,mcr126,,,0,0,VRDL34_NEIGRIHMS_Shillong_010725.csv,0
34,"NEIGRIHMS, Shillong",1/7/2025,mcr3,,,0,0,VRDL34_NEIGRIHMS_Shillong_010725.csv,0
34,"NEIGRIHMS, Shillong",1/7/2025,mcr4,36.6,1.2,13.2,14,VRDL34_NEIGRIHMS_Shillong_010725.csv,0
34,"NEIGRIHMS, Shillong",1/7/2025,mcr5910,26,0.1,7475.9,456.9,VRDL34_NEIGRIHMS_Shillong_010725.csv,0
34,"NEIGRIHMS, Shillong",1/7/2025,mcr7,34.7,0.2,12.6,1.6,VRDL34_NEIGRIHMS_Shillong_010725.csv,0
34,"NEIGRIHMS, Shillong",1/7/2025,mcr8,29.1,0,3200,109.8,VRDL34_NEIGRIHMS_Shillong_010725.csv,0
34,"NEIGRIHMS, Shillong",1/7/2025,meca,37.4,0.3,30.1,6.5,VRDL34_NEIGRIHMS_Shillong_010725.csv,0
34,"NEIGRIHMS, Shillong",1/7/2025,mtb,,,0,0,VRDL34_NEIGRIHMS_Shillong_010725.csv,0
34,"NEIGRIHMS, Shillong",1/7/2025,ndm,20.6,0.1,11006766.7,459830.9,VRDL34_NEIGRIHMS_Shillong_010725.csv,0
34,"NEIGRIHMS, Shillong",1/7/2025,nuc,38.1,0.1,1,0.8,VRDL34_NEIGRIHMS_Shillong_010725.csv,0
34,"NEIGRIHMS, Shillong",1/7/2025,oxa,26.7,0.3,33489.7,7220.9,VRDL34_NEIGRIHMS_Shillong_010725.csv,0
34,"NEIGRIHMS, Shillong",1/7/2025,pvl,38.9,0.3,22.3,4.7,VRDL34_NEIGRIHMS_Shillong_010725.csv,0
34,"NEIGRIHMS, Shillong",1/7/2025,shv,26.9,0.1,101378.2,6585.1,VRDL34_NEIGRIHMS_Shillong_010725.csv,0
34,"NEIGRIHMS, Shillong",1/7/2025,vana,24.1,0,170811.3,4250.3,VRDL34_NEIGRIHMS_Shillong_010725.csv,0
34,"NEIGRIHMS, Shillong",1/7/2025,vanb,,,0,0,VRDL34_NEIGRIHMS_Shillong_010725.csv,0
34,"NEIGRIHMS, Shillong",1/7/2025,vanm,27.7,0.1,37699.8,1573.7,VRDL34_NEIGRIHMS_Shillong_010725.csv,0
34,"NEIGRIHMS, Shillong",1/7/2025,vim,21.7,0.1,3391395,260239.5,VRDL34_NEIGRIHMS_Shillong_010725.csv,0
34,"NEIGRIHMS, Shillong",1/8/2025,cmy,25.8,0.1,271515,22456.7,VRDL34_NEIGRIHMS_Shillong_010825.csv,30.55
34,"NEIGRIHMS, Shillong",1/8/2025,ctxm,27.5,0.1,2201,232.2,VRDL34_NEIGRIHMS_Shillong_010825.csv,0.25
34,"NEIGRIHMS, Shillong",1/8/2025,ent,27.8,0.2,8889,996.3,VRDL34_NEIGRIHMS_Shillong_010825.csv,1
34,"NEIGRIHMS, Shillong",1/8/2025,ic,27.3,0.1,25056.1,2297.7,VRDL34_NEIGRIHMS_Shillong_010825.csv,2.82
34,"NEIGRIHMS, Shillong",1/8/2025,imp,32.8,0.2,261.1,51.5,VRDL34_NEIGRIHMS_Shillong_010825.csv,0.03
34,"NEIGRIHMS, Shillong",1/8/2025,kpc,25.3,0,356855.9,4762.3,VRDL34_NEIGRIHMS_Shillong_010825.csv,40.15
34,"NEIGRIHMS, Shillong",1/8/2025,mcr126,,,0,0,VRDL34_NEIGRIHMS_Shillong_010825.csv,0
34,"NEIGRIHMS, Shillong",1/8/2025,mcr3,32,0.3,234,47.9,VRDL34_NEIGRIHMS_Shillong_010825.csv,0.03
34,"NEIGRIHMS, Shillong",1/8/2025,mcr4,35.7,0.2,19.3,2.4,VRDL34_NEIGRIHMS_Shillong_010825.csv,0
34,"NEIGRIHMS, Shillong",1/8/2025,mcr5910,28.3,0.1,1001,76.2,VRDL34_NEIGRIHMS_Shillong_010825.csv,0.11
34,"NEIGRIHMS, Shillong",1/8/2025,mcr7,39.4,,0.1,0.1,VRDL34_NEIGRIHMS_Shillong_010825.csv,0
34,"NEIGRIHMS, Shillong",1/8/2025,mcr8,,,0,0,VRDL34_NEIGRIHMS_Shillong_010825.csv,0
34,"NEIGRIHMS, Shillong",1/8/2025,meca,39.2,0.1,8.7,0.7,VRDL34_NEIGRIHMS_Shillong_010825.csv,0
34,"NEIGRIHMS, Shillong",1/8/2025,mtb,,,0,0,VRDL34_NEIGRIHMS_Shillong_010825.csv,0
34,"NEIGRIHMS, Shillong",1/8/2025,ndm,23.6,0,938165.7,10555.7,VRDL34_NEIGRIHMS_Shillong_010825.csv,105.54
34,"NEIGRIHMS, Shillong",1/8/2025,nuc,39.4,0.6,0.4,0.4,VRDL34_NEIGRIHMS_Shillong_010825.csv,0
34,"NEIGRIHMS, Shillong",1/8/2025,oxa,21.2,0.1,2683906.5,193985.1,VRDL34_NEIGRIHMS_Shillong_010825.csv,301.94
34,"NEIGRIHMS, Shillong",1/8/2025,pvl,38.1,,12.7,22,VRDL34_NEIGRIHMS_Shillong_010825.csv,0
34,"NEIGRIHMS, Shillong",1/8/2025,shv,29.1,0.1,22415.2,1947.2,VRDL34_NEIGRIHMS_Shillong_010825.csv,2.52
34,"NEIGRIHMS, Shillong",1/8/2025,vana,26.6,0.1,27384.1,1632,VRDL34_NEIGRIHMS_Shillong_010825.csv,3.08
34,"NEIGRIHMS, Shillong",1/8/2025,vanb,30.7,0.1,40451.7,3601.7,VRDL34_NEIGRIHMS_Shillong_010825.csv,4.55
34,"NEIGRIHMS, Shillong",1/8/2025,vanm,,,0,0,VRDL34_NEIGRIHMS_Shillong_010825.csv,0
34,"NEIGRIHMS, Shillong",1/8/2025,vim,29.4,0.1,19684.8,956.3,VRDL34_NEIGRIHMS_Shillong_010825.csv,2.21
34,"NEIGRIHMS, Shillong",15/07/2025,cmy,29.6,0.1,17392.3,1217.3,VRDL34_NEIGRIHMS_Shillong_160725.csv,10.16
34,"NEIGRIHMS, Shillong",15/07/2025,ctxm,30.1,0,207,7.4,VRDL34_NEIGRIHMS_Shillong_160725.csv,0.12
34,"NEIGRIHMS, Shillong",15/07/2025,ent,30.1,0.2,1712.6,200.8,VRDL34_NEIGRIHMS_Shillong_160725.csv,1
34,"NEIGRIHMS, Shillong",15/07/2025,ic,27,0.1,33103.8,2103.8,VRDL34_NEIGRIHMS_Shillong_160725.csv,19.33
34,"NEIGRIHMS, Shillong",15/07/2025,imp,33.1,0,201.9,8.3,VRDL34_NEIGRIHMS_Shillong_160725.csv,0.12
34,"NEIGRIHMS, Shillong",15/07/2025,kpc,27.7,0.3,64491.2,16449.9,VRDL34_NEIGRIHMS_Shillong_160725.csv,37.66
34,"NEIGRIHMS, Shillong",15/07/2025,mcr126,,,0,0,VRDL34_NEIGRIHMS_Shillong_160725.csv,0
34,"NEIGRIHMS, Shillong",15/07/2025,mcr3,33.9,0.5,57.6,23.3,VRDL34_NEIGRIHMS_Shillong_160725.csv,0.03
34,"NEIGRIHMS, Shillong",15/07/2025,mcr4,38.4,0.5,2.2,0.9,VRDL34_NEIGRIHMS_Shillong_160725.csv,0
34,"NEIGRIHMS, Shillong",15/07/2025,mcr5910,30.3,0,171.7,5.6,VRDL34_NEIGRIHMS_Shillong_160725.csv,0.1
34,"NEIGRIHMS, Shillong",15/07/2025,mcr7,,,0,0,VRDL34_NEIGRIHMS_Shillong_160725.csv,0
34,"NEIGRIHMS, Shillong",15/07/2025,mcr8,,,0,0,VRDL34_NEIGRIHMS_Shillong_160725.csv,0
34,"NEIGRIHMS, Shillong",15/07/2025,meca,38.6,,4.3,7.4,VRDL34_NEIGRIHMS_Shillong_160725.csv,0
34,"NEIGRIHMS, Shillong",15/07/2025,mtb,,,0,0,VRDL34_NEIGRIHMS_Shillong_160725.csv,0
34,"NEIGRIHMS, Shillong",15/07/2025,ndm,25.4,0.2,235363.9,43103.5,VRDL34_NEIGRIHMS_Shillong_160725.csv,137.43
34,"NEIGRIHMS, Shillong",15/07/2025,nuc,,,0,0,VRDL34_NEIGRIHMS_Shillong_160725.csv,0
34,"NEIGRIHMS, Shillong",15/07/2025,oxa,26.1,0,53968.4,1243,VRDL34_NEIGRIHMS_Shillong_160725.csv,31.51
34,"NEIGRIHMS, Shillong",15/07/2025,pvl,39.8,,3.8,6.6,VRDL34_NEIGRIHMS_Shillong_160725.csv,0
34,"NEIGRIHMS, Shillong",15/07/2025,shv,31.8,0,3069.1,73.6,VRDL34_NEIGRIHMS_Shillong_160725.csv,1.79
34,"NEIGRIHMS, Shillong",15/07/2025,vana,26.8,0.2,24497,3164.3,VRDL34_NEIGRIHMS_Shillong_160725.csv,14.3
34,"NEIGRIHMS, Shillong",15/07/2025,vanb,31.7,0.1,19801.5,1625.9,VRDL34_NEIGRIHMS_Shillong_160725.csv,11.56
34,"NEIGRIHMS, Shillong",15/07/2025,vanm,,,0,0,VRDL34_NEIGRIHMS_Shillong_160725.csv,0
34,"NEIGRIHMS, Shillong",15/07/2025,vim,31,0.4,7217.6,1896.8,VRDL34_NEIGRIHMS_Shillong_160725.csv,4.21
34,"NEIGRIHMS, Shillong",17/06/2025,cmy,30.2,0.1,11159.8,441.2,VRDL34_NEIGRIHMS_Shillong_170625.csv,0
34,"NEIGRIHMS, Shillong",17/06/2025,ctxm,29.5,0,337,13.4,VRDL34_NEIGRIHMS_Shillong_170625.csv,0
34,"NEIGRIHMS, Shillong",17/06/2025,ent,,,0,0,VRDL34_NEIGRIHMS_Shillong_170625.csv,0
34,"NEIGRIHMS, Shillong",17/06/2025,ic,24.5,0.1,218366.2,10986.1,VRDL34_NEIGRIHMS_Shillong_170625.csv,0
34,"NEIGRIHMS, Shillong",17/06/2025,imp,36.2,0.3,15,4,VRDL34_NEIGRIHMS_Shillong_170625.csv,0
34,"NEIGRIHMS, Shillong",17/06/2025,kpc,32.3,0.2,2144.1,246.5,VRDL34_NEIGRIHMS_Shillong_170625.csv,0
34,"NEIGRIHMS, Shillong",17/06/2025,mcr126,30.6,0,519,8.8,VRDL34_NEIGRIHMS_Shillong_170625.csv,0
34,"NEIGRIHMS, Shillong",17/06/2025,mcr3,37.6,0.4,3,1,VRDL34_NEIGRIHMS_Shillong_170625.csv,0
34,"NEIGRIHMS, Shillong",17/06/2025,mcr4,34.9,0.1,36.1,4.1,VRDL34_NEIGRIHMS_Shillong_170625.csv,0
34,"NEIGRIHMS, Shillong",17/06/2025,mcr5910,,,0,0,VRDL34_NEIGRIHMS_Shillong_170625.csv,0
34,"NEIGRIHMS, Shillong",17/06/2025,mcr7,,,0,0,VRDL34_NEIGRIHMS_Shillong_170625.csv,0
34,"NEIGRIHMS, Shillong",17/06/2025,mcr8,,,0,0,VRDL34_NEIGRIHMS_Shillong_170625.csv,0
34,"NEIGRIHMS, Shillong",17/06/2025,meca,,,0,0,VRDL34_NEIGRIHMS_Shillong_170625.csv,0
34,"NEIGRIHMS, Shillong",17/06/2025,mtb,,,0,0,VRDL34_NEIGRIHMS_Shillong_170625.csv,0
34,"NEIGRIHMS, Shillong",17/06/2025,ndm,26.8,0.1,75147.4,5331.7,VRDL34_NEIGRIHMS_Shillong_170625.csv,0
34,"NEIGRIHMS, Shillong",17/06/2025,nuc,,,0,0,VRDL34_NEIGRIHMS_Shillong_170625.csv,0
34,"NEIGRIHMS, Shillong",17/06/2025,oxa,27.1,0.1,23881.2,2510.5,VRDL34_NEIGRIHMS_Shillong_170625.csv,0
34,"NEIGRIHMS, Shillong",17/06/2025,pvl,,,0,0,VRDL34_NEIGRIHMS_Shillong_170625.csv,0
34,"NEIGRIHMS, Shillong",17/06/2025,shv,32,0.1,2753.9,117.5,VRDL34_NEIGRIHMS_Shillong_170625.csv,0
34,"NEIGRIHMS, Shillong",17/06/2025,vana,30.6,0.1,1647.6,81.9,VRDL34_NEIGRIHMS_Shillong_170625.csv,0
34,"NEIGRIHMS, Shillong",17/06/2025,vanb,,,0,0,VRDL34_NEIGRIHMS_Shillong_170625.csv,0
34,"NEIGRIHMS, Shillong",17/06/2025,vanm,33.6,0.2,741.3,107.9,VRDL34_NEIGRIHMS_Shillong_170625.csv,0
34,"NEIGRIHMS, Shillong",17/06/2025,vim,27.5,0.1,72181.6,3819.6,VRDL34_NEIGRIHMS_Shillong_170625.csv,0
37," IGMCRI, Puducherry",29/07/2025,cmy,19.8,0.1,21887976.5,1523720,VRDL37_ IGMCRI_Puducherry_290725.csv,0
37," IGMCRI, Puducherry",29/07/2025,ctxm,24,0.2,55357.9,10892.1,VRDL37_ IGMCRI_Puducherry_290725.csv,0
37," IGMCRI, Puducherry",29/07/2025,ent,,,0,0,VRDL37_ IGMCRI_Puducherry_290725.csv,0
37," IGMCRI, Puducherry",29/07/2025,ic,32,2.2,1884.4,2753.3,VRDL37_ IGMCRI_Puducherry_290725.csv,0
37," IGMCRI, Puducherry",29/07/2025,imp,40.7,,0.1,0.2,VRDL37_ IGMCRI_Puducherry_290725.csv,0
37," IGMCRI, Puducherry",29/07/2025,kpc,22.3,0.2,3405449.6,527597.2,VRDL37_ IGMCRI_Puducherry_290725.csv,0
37," IGMCRI, Puducherry",29/07/2025,mcr126,,,0,0,VRDL37_ IGMCRI_Puducherry_290725.csv,0
37," IGMCRI, Puducherry",29/07/2025,mcr3,,,0,0,VRDL37_ IGMCRI_Puducherry_290725.csv,0
37," IGMCRI, Puducherry",29/07/2025,mcr4,26.7,0.1,35669.2,3750.8,VRDL37_ IGMCRI_Puducherry_290725.csv,0
37," IGMCRI, Puducherry",29/07/2025,mcr5910,19.3,0,2799730.3,106349.7,VRDL37_ IGMCRI_Puducherry_290725.csv,0
37," IGMCRI, Puducherry",29/07/2025,mcr7,37.6,0.5,1,0.5,VRDL37_ IGMCRI_Puducherry_290725.csv,0
37," IGMCRI, Puducherry",29/07/2025,mcr8,,,0,0,VRDL37_ IGMCRI_Puducherry_290725.csv,0
37," IGMCRI, Puducherry",29/07/2025,meca,,,0,0,VRDL37_ IGMCRI_Puducherry_290725.csv,0
37," IGMCRI, Puducherry",29/07/2025,mtb,30.4,1.9,5487.2,5274.7,VRDL37_ IGMCRI_Puducherry_290725.csv,0
37," IGMCRI, Puducherry",29/07/2025,ndm,19.8,0.2,20348807.5,3017006.4,VRDL37_ IGMCRI_Puducherry_290725.csv,0
37," IGMCRI, Puducherry",29/07/2025,nuc,,,0,0,VRDL37_ IGMCRI_Puducherry_290725.csv,0
37," IGMCRI, Puducherry",29/07/2025,oxa,27.6,0.4,17555.9,6652.1,VRDL37_ IGMCRI_Puducherry_290725.csv,0
37," IGMCRI, Puducherry",29/07/2025,pvl,,,0,0,VRDL37_ IGMCRI_Puducherry_290725.csv,0
37," IGMCRI, Puducherry",29/07/2025,shv,26.4,0.1,144171.6,11052.2,VRDL37_ IGMCRI_Puducherry_290725.csv,0
37," IGMCRI, Puducherry",29/07/2025,vana,,,0,0,VRDL37_ IGMCRI_Puducherry_290725.csv,0
37," IGMCRI, Puducherry",29/07/2025,vanb,,,0,0,VRDL37_ IGMCRI_Puducherry_290725.csv,0
37," IGMCRI, Puducherry",29/07/2025,vanm,,,0,0,VRDL37_ IGMCRI_Puducherry_290725.csv,0
37," IGMCRI, Puducherry",29/07/2025,vim,23.7,0.3,916720.9,204683.7,VRDL37_ IGMCRI_Puducherry_290725.csv,0
37,"IGMCRI, Puducherry",1/7/2025,cmy,22.7,0,2684068.4,74137.9,VRDL37_IGMCRI_Puducherry_010725.csv,253.17
37,"IGMCRI, Puducherry",1/7/2025,ctxm,25.6,0,12217.1,443.3,VRDL37_IGMCRI_Puducherry_010725.csv,1.15
37,"IGMCRI, Puducherry",1/7/2025,ent,27.1,0.2,10601.7,9269.5,VRDL37_IGMCRI_Puducherry_010725.csv,1
37,"IGMCRI, Puducherry",1/7/2025,ic,24.9,0.1,156290.3,10586.8,VRDL37_IGMCRI_Puducherry_010725.csv,14.74
37,"IGMCRI, Puducherry",1/7/2025,imp,33.1,0.2,190.6,38.2,VRDL37_IGMCRI_Puducherry_010725.csv,0.02
37,"IGMCRI, Puducherry",1/7/2025,kpc,25.1,0,418523.3,7013.7,VRDL37_IGMCRI_Puducherry_010725.csv,39.48
37,"IGMCRI, Puducherry",1/7/2025,mcr126,,,0,0,VRDL37_IGMCRI_Puducherry_010725.csv,0
37,"IGMCRI, Puducherry",1/7/2025,mcr3,30.7,0.2,618.1,123.2,VRDL37_IGMCRI_Puducherry_010725.csv,0.06
37,"IGMCRI, Puducherry",1/7/2025,mcr4,32.8,0.3,215.7,50.2,VRDL37_IGMCRI_Puducherry_010725.csv,0.02
37,"IGMCRI, Puducherry",1/7/2025,mcr5910,27.2,0.2,2667.5,421.8,VRDL37_IGMCRI_Puducherry_010725.csv,0.25
37,"IGMCRI, Puducherry",1/7/2025,mcr7,35.5,0.6,6.7,3.5,VRDL37_IGMCRI_Puducherry_010725.csv,0
37,"IGMCRI, Puducherry",1/7/2025,mcr8,36.8,0.4,11.3,3.6,VRDL37_IGMCRI_Puducherry_010725.csv,0
37,"IGMCRI, Puducherry",1/7/2025,meca,37.2,0.2,34.5,4.5,VRDL37_IGMCRI_Puducherry_010725.csv,0
37,"IGMCRI, Puducherry",1/7/2025,mtb,,,0,0,VRDL37_IGMCRI_Puducherry_010725.csv,0
37,"IGMCRI, Puducherry",1/7/2025,ndm,24.5,0.1,486213.6,26090.4,VRDL37_IGMCRI_Puducherry_010725.csv,45.86
37,"IGMCRI, Puducherry",1/7/2025,nuc,37.3,0.9,3.1,2,VRDL37_IGMCRI_Puducherry_010725.csv,0
37,"IGMCRI, Puducherry",1/7/2025,oxa,22.1,0,1282224.4,42523.7,VRDL37_IGMCRI_Puducherry_010725.csv,120.95
37,"IGMCRI, Puducherry",1/7/2025,pvl,,,0,0,VRDL37_IGMCRI_Puducherry_010725.csv,0
37,"IGMCRI, Puducherry",1/7/2025,shv,27.9,0.1,51393.7,1831.6,VRDL37_IGMCRI_Puducherry_010725.csv,4.85
37,"IGMCRI, Puducherry",1/7/2025,vana,34,0.1,144.1,10.5,VRDL37_IGMCRI_Puducherry_010725.csv,0.01
37,"IGMCRI, Puducherry",1/7/2025,vanb,34,0.2,3847.7,653.7,VRDL37_IGMCRI_Puducherry_010725.csv,0.36
37,"IGMCRI, Puducherry",1/7/2025,vanm,,,0,0,VRDL37_IGMCRI_Puducherry_010725.csv,0
37,"IGMCRI, Puducherry",1/7/2025,vim,27.2,0.1,87994.5,3632.6,VRDL37_IGMCRI_Puducherry_010725.csv,8.3
37,"IGMCRI, Puducherry",17/06/2025,cmy,25.9,0.1,263400.8,26260.3,VRDL37_IGMCRI_Puducherry_170625.csv,486.34
37,"IGMCRI, Puducherry",17/06/2025,ctxm,29.9,0.1,249.3,15.4,VRDL37_IGMCRI_Puducherry_170625.csv,0.46
37,"IGMCRI, Puducherry",17/06/2025,ent,31.6,0.3,541.6,132.9,VRDL37_IGMCRI_Puducherry_170625.csv,1
37,"IGMCRI, Puducherry",17/06/2025,ic,26.6,0.6,45207.5,17301.3,VRDL37_IGMCRI_Puducherry_170625.csv,83.47
37,"IGMCRI, Puducherry",17/06/2025,imp,36,0.2,17.3,3.4,VRDL37_IGMCRI_Puducherry_170625.csv,0.03
37,"IGMCRI, Puducherry",17/06/2025,kpc,27.3,0.2,86292.7,13331.8,VRDL37_IGMCRI_Puducherry_170625.csv,159.33
37,"IGMCRI, Puducherry",17/06/2025,mcr126,,,0,0,VRDL37_IGMCRI_Puducherry_170625.csv,0
37,"IGMCRI, Puducherry",17/06/2025,mcr3,33,0.1,102.1,8,VRDL37_IGMCRI_Puducherry_170625.csv,0.19
37,"IGMCRI, Puducherry",17/06/2025,mcr4,34.2,0.1,65.8,7.3,VRDL37_IGMCRI_Puducherry_170625.csv,0.12
37,"IGMCRI, Puducherry",17/06/2025,mcr5910,30.7,1.6,193.5,148.2,VRDL37_IGMCRI_Puducherry_170625.csv,0.36
37,"IGMCRI, Puducherry",17/06/2025,mcr7,39.6,0.9,0.1,0.1,VRDL37_IGMCRI_Puducherry_170625.csv,0
37,"IGMCRI, Puducherry",17/06/2025,mcr8,,,0,0,VRDL37_IGMCRI_Puducherry_170625.csv,0
37,"IGMCRI, Puducherry",17/06/2025,meca,40.6,,1.1,1.8,VRDL37_IGMCRI_Puducherry_170625.csv,0
37,"IGMCRI, Puducherry",17/06/2025,mtb,,,0,0,VRDL37_IGMCRI_Puducherry_170625.csv,0
37,"IGMCRI, Puducherry",17/06/2025,ndm,28.1,0.1,25667.9,2732.8,VRDL37_IGMCRI_Puducherry_170625.csv,47.39
37,"IGMCRI, Puducherry",17/06/2025,nuc,,,0,0,VRDL37_IGMCRI_Puducherry_170625.csv,0
37,"IGMCRI, Puducherry",17/06/2025,oxa,24.5,0.1,188136.9,14196.3,VRDL37_IGMCRI_Puducherry_170625.csv,347.37
37,"IGMCRI, Puducherry",17/06/2025,pvl,,,0,0,VRDL37_IGMCRI_Puducherry_170625.csv,0
37,"IGMCRI, Puducherry",17/06/2025,shv,34.2,0.2,590.4,77.2,VRDL37_IGMCRI_Puducherry_170625.csv,1.09
37,"IGMCRI, Puducherry",17/06/2025,vana,,,0,0,VRDL37_IGMCRI_Puducherry_170625.csv,0
37,"IGMCRI, Puducherry",17/06/2025,vanb,36.2,0.5,899.3,332.8,VRDL37_IGMCRI_Puducherry_170625.csv,1.66
37,"IGMCRI, Puducherry",17/06/2025,vanm,,,0,0,VRDL37_IGMCRI_Puducherry_170625.csv,0
37,"IGMCRI, Puducherry",17/06/2025,vim,32.5,0.8,2831.8,1242.7,VRDL37_IGMCRI_Puducherry_170625.csv,5.23
42,"SMS, Jaipur",15/07/2025,cmy,25.7,0.2,293787,33732.5,VRDL42_SMS_Jaipur_150725.csv,0
42,"SMS, Jaipur",15/07/2025,ctxm,23,0,130973.5,3528.3,VRDL42_SMS_Jaipur_150725.csv,0
42,"SMS, Jaipur",15/07/2025,ic,26.2,0.2,58847,10406,VRDL42_SMS_Jaipur_150725.csv,0
42,"SMS, Jaipur",15/07/2025,imp,27.8,0.1,16798.7,1918.9,VRDL42_SMS_Jaipur_150725.csv,0
42,"SMS, Jaipur",15/07/2025,kpc,22.6,0.1,2596334.1,196660.9,VRDL42_SMS_Jaipur_150725.csv,0
42,"SMS, Jaipur",15/07/2025,mcr126,,,0,0,VRDL42_SMS_Jaipur_150725.csv,0
42,"SMS, Jaipur",15/07/2025,mcr3,33.2,0.2,93.3,12.8,VRDL42_SMS_Jaipur_150725.csv,0
42,"SMS, Jaipur",15/07/2025,mcr4,32.7,0.2,240.7,45.2,VRDL42_SMS_Jaipur_150725.csv,0
42,"SMS, Jaipur",15/07/2025,mcr5910,25.8,0,9250.2,397,VRDL42_SMS_Jaipur_150725.csv,0
42,"SMS, Jaipur",15/07/2025,mcr7,34.4,0.7,19.4,12.3,VRDL42_SMS_Jaipur_150725.csv,0
42,"SMS, Jaipur",15/07/2025,mcr8,,,0,0,VRDL42_SMS_Jaipur_150725.csv,0
42,"SMS, Jaipur",15/07/2025,meca,37.8,0.4,24,7.9,VRDL42_SMS_Jaipur_150725.csv,0
42,"SMS, Jaipur",15/07/2025,mtb,34.3,1.4,288.4,193.4,VRDL42_SMS_Jaipur_150725.csv,0
42,"SMS, Jaipur",15/07/2025,ndm,20.3,0,14120249.7,523548.7,VRDL42_SMS_Jaipur_150725.csv,0
42,"SMS, Jaipur",15/07/2025,nuc,,,0,0,VRDL42_SMS_Jaipur_150725.csv,0
42,"SMS, Jaipur",15/07/2025,oxa,23.7,0,361627.1,10541.8,VRDL42_SMS_Jaipur_150725.csv,0
42,"SMS, Jaipur",15/07/2025,pvl,38.5,,9.3,16.1,VRDL42_SMS_Jaipur_150725.csv,0
42,"SMS, Jaipur",15/07/2025,shv,26.8,0.1,112686.7,11676.7,VRDL42_SMS_Jaipur_150725.csv,0
42,"SMS, Jaipur",15/07/2025,vana,29,0.2,5071.6,672.4,VRDL42_SMS_Jaipur_150725.csv,0
42,"SMS, Jaipur",15/07/2025,vanb,30.1,0.1,60886,2882.6,VRDL42_SMS_Jaipur_150725.csv,0
42,"SMS, Jaipur",15/07/2025,vanm,,,0,0,VRDL42_SMS_Jaipur_150725.csv,0
42,"SMS, Jaipur",15/07/2025,vim,23.6,0.1,1001066,100681,VRDL42_SMS_Jaipur_150725.csv,0
42,"SMS, Jaipur",15/07/2025,ent,,,0,0,VRDL42_SMS_Jaipur_150725.csv,0
42,"SMS, Jaipur",29/07/2025 ,cmy,26.2,0,211862.9,4702.5,VRDL42_SMS_Jaipur_290725 .csv,29.34
42,"SMS, Jaipur",29/07/2025 ,ctxm,21.9,0,368597.7,10108.3,VRDL42_SMS_Jaipur_290725 .csv,51.04
42,"SMS, Jaipur",29/07/2025 ,ent,28.1,0.1,7221.5,305.7,VRDL42_SMS_Jaipur_290725 .csv,1
42,"SMS, Jaipur",29/07/2025 ,ic,26,0.2,67238.5,12401.2,VRDL42_SMS_Jaipur_290725 .csv,9.31
42,"SMS, Jaipur",29/07/2025 ,imp,31.8,0.2,576.3,91.1,VRDL42_SMS_Jaipur_290725 .csv,0.08
42,"SMS, Jaipur",29/07/2025 ,kpc,24.3,0.1,782588.3,54474.8,VRDL42_SMS_Jaipur_290725 .csv,108.37
42,"SMS, Jaipur",29/07/2025 ,mcr126,,,0,0,VRDL42_SMS_Jaipur_290725 .csv,0
42,"SMS, Jaipur",29/07/2025 ,mcr3,29.6,0.1,1522.4,66,VRDL42_SMS_Jaipur_290725 .csv,0.21
42,"SMS, Jaipur",29/07/2025 ,mcr4,33.5,0.2,117.2,17.2,VRDL42_SMS_Jaipur_290725 .csv,0.02
42,"SMS, Jaipur",29/07/2025 ,mcr5910,26.3,0.1,5627.4,317.9,VRDL42_SMS_Jaipur_290725 .csv,0.78
42,"SMS, Jaipur",29/07/2025 ,mcr7,35.4,0.5,7,3.5,VRDL42_SMS_Jaipur_290725 .csv,0
42,"SMS, Jaipur",29/07/2025 ,mcr8,39,1.1,1.6,1.9,VRDL42_SMS_Jaipur_290725 .csv,0
42,"SMS, Jaipur",29/07/2025 ,meca,37.3,0.4,32.2,8.7,VRDL42_SMS_Jaipur_290725 .csv,0
42,"SMS, Jaipur",29/07/2025 ,mtb,,,0,0,VRDL42_SMS_Jaipur_290725 .csv,0
42,"SMS, Jaipur",29/07/2025 ,ndm,21,0,7957562,282289.7,VRDL42_SMS_Jaipur_290725 .csv,1101.93
42,"SMS, Jaipur",29/07/2025 ,nuc,38.3,0.7,0.9,0.9,VRDL42_SMS_Jaipur_290725 .csv,0
42,"SMS, Jaipur",29/07/2025 ,oxa,24,0,284961.6,2805.4,VRDL42_SMS_Jaipur_290725 .csv,39.46
42,"SMS, Jaipur",29/07/2025 ,pvl,39.4,,5,8.6,VRDL42_SMS_Jaipur_290725 .csv,0
42,"SMS, Jaipur",29/07/2025 ,shv,28.3,0,39251.6,1131,VRDL42_SMS_Jaipur_290725 .csv,5.44
42,"SMS, Jaipur",29/07/2025 ,vana,29,0.1,5207.7,232.1,VRDL42_SMS_Jaipur_290725 .csv,0.72
42,"SMS, Jaipur",29/07/2025 ,vanb,31.6,0.1,21335.3,1045.4,VRDL42_SMS_Jaipur_290725 .csv,2.95
42,"SMS, Jaipur",29/07/2025 ,vanm,,,0,0,VRDL42_SMS_Jaipur_290725 .csv,0
42,"SMS, Jaipur",29/07/2025 ,vim,24.7,0.2,480735.1,59341.6,VRDL42_SMS_Jaipur_290725 .csv,66.57
48,"AIIMS, Bibinagar",1/7/2025,cmy,27.8,0.2,67317.4,9447.9,VRDL48_AIIMS_Bibinagar_010725.csv,3.65
48,"AIIMS, Bibinagar",1/7/2025,ctxm,34.6,0.3,3.5,0.7,VRDL48_AIIMS_Bibinagar_010725.csv,0
48,"AIIMS, Bibinagar",1/7/2025,ent,26.9,0.1,18441.2,1765.9,VRDL48_AIIMS_Bibinagar_010725.csv,1
48,"AIIMS, Bibinagar",1/7/2025,ic,24.8,0.7,191303.5,108486.7,VRDL48_AIIMS_Bibinagar_010725.csv,10.37
48,"AIIMS, Bibinagar",1/7/2025,imp,,,0,0,VRDL48_AIIMS_Bibinagar_010725.csv,0
48,"AIIMS, Bibinagar",1/7/2025,kpc,34.1,0.5,562.1,179.1,VRDL48_AIIMS_Bibinagar_010725.csv,0.03
48,"AIIMS, Bibinagar",1/7/2025,mcr126,,,0,0,VRDL48_AIIMS_Bibinagar_010725.csv,0
48,"AIIMS, Bibinagar",1/7/2025,mcr3,29.3,0.1,1896.7,106.6,VRDL48_AIIMS_Bibinagar_010725.csv,0.1
48,"AIIMS, Bibinagar",1/7/2025,mcr4,,,0,0,VRDL48_AIIMS_Bibinagar_010725.csv,0
48,"AIIMS, Bibinagar",1/7/2025,mcr5910,31.3,0.2,69.5,9,VRDL48_AIIMS_Bibinagar_010725.csv,0
48,"AIIMS, Bibinagar",1/7/2025,mcr7,32.5,0.2,92.6,17,VRDL48_AIIMS_Bibinagar_010725.csv,0.01
48,"AIIMS, Bibinagar",1/7/2025,mcr8,,,0,0,VRDL48_AIIMS_Bibinagar_010725.csv,0
48,"AIIMS, Bibinagar",1/7/2025,meca,14.3,,106492726.9,184450813.6,VRDL48_AIIMS_Bibinagar_010725.csv,5774.72
48,"AIIMS, Bibinagar",1/7/2025,mtb,,,0,0,VRDL48_AIIMS_Bibinagar_010725.csv,0
48,"AIIMS, Bibinagar",1/7/2025,ndm,31.8,0.5,1360.2,565.3,VRDL48_AIIMS_Bibinagar_010725.csv,0.07
48,"AIIMS, Bibinagar",1/7/2025,nuc,,,0,0,VRDL48_AIIMS_Bibinagar_010725.csv,0
48,"AIIMS, Bibinagar",1/7/2025,oxa,29.7,0.6,3369.7,1296.2,VRDL48_AIIMS_Bibinagar_010725.csv,0.18
48,"AIIMS, Bibinagar",1/7/2025,pvl,23.5,5.7,6709570.9,11561497,VRDL48_AIIMS_Bibinagar_010725.csv,363.84
48,"AIIMS, Bibinagar",1/7/2025,shv,31.1,0.3,5384.5,1157,VRDL48_AIIMS_Bibinagar_010725.csv,0.29
48,"AIIMS, Bibinagar",1/7/2025,vana,,,0,0,VRDL48_AIIMS_Bibinagar_010725.csv,0
48,"AIIMS, Bibinagar",1/7/2025,vanb,,,0,0,VRDL48_AIIMS_Bibinagar_010725.csv,0
48,"AIIMS, Bibinagar",1/7/2025,vanm,,,0,0,VRDL48_AIIMS_Bibinagar_010725.csv,0
48,"AIIMS, Bibinagar",1/7/2025,vim,35.4,1,411.3,214.9,VRDL48_AIIMS_Bibinagar_010725.csv,0.02
48,"AIIMS, Bibinagar",17/06/2025,cmy,25.9,0.1,266831.8,23207.3,VRDL48_AIIMS_Bibinagar_170625.csv,9.49
48,"AIIMS, Bibinagar",17/06/2025,ctxm,37.2,,0.1,0.2,VRDL48_AIIMS_Bibinagar_170625.csv,0
48,"AIIMS, Bibinagar",17/06/2025,ent,26.3,0.3,28108.5,5000.5,VRDL48_AIIMS_Bibinagar_170625.csv,1
48,"AIIMS, Bibinagar",17/06/2025,ic,24.1,0.3,289535.5,75236.3,VRDL48_AIIMS_Bibinagar_170625.csv,10.3
48,"AIIMS, Bibinagar",17/06/2025,imp,33.7,0.2,114.7,14.6,VRDL48_AIIMS_Bibinagar_170625.csv,0
48,"AIIMS, Bibinagar",17/06/2025,kpc,31.2,0.2,4628.4,628.1,VRDL48_AIIMS_Bibinagar_170625.csv,0.16
48,"AIIMS, Bibinagar",17/06/2025,mcr126,37.9,,0.6,1,VRDL48_AIIMS_Bibinagar_170625.csv,0
48,"AIIMS, Bibinagar",17/06/2025,mcr3,32.6,0,142.3,1.9,VRDL48_AIIMS_Bibinagar_170625.csv,0.01
48,"AIIMS, Bibinagar",17/06/2025,mcr4,36.8,0,7.6,0.3,VRDL48_AIIMS_Bibinagar_170625.csv,0
48,"AIIMS, Bibinagar",17/06/2025,mcr5910,29.4,0.1,366.2,33.6,VRDL48_AIIMS_Bibinagar_170625.csv,0.01
48,"AIIMS, Bibinagar",17/06/2025,mcr7,34.8,0.7,12.9,6.5,VRDL48_AIIMS_Bibinagar_170625.csv,0
48,"AIIMS, Bibinagar",17/06/2025,mcr8,,,0,0,VRDL48_AIIMS_Bibinagar_170625.csv,0
48,"AIIMS, Bibinagar",17/06/2025,meca,31.3,,747.2,1294.2,VRDL48_AIIMS_Bibinagar_170625.csv,0.03
48,"AIIMS, Bibinagar",17/06/2025,mtb,,,0,0,VRDL48_AIIMS_Bibinagar_170625.csv,0
48,"AIIMS, Bibinagar",17/06/2025,ndm,32.9,0.1,537.8,52.4,VRDL48_AIIMS_Bibinagar_170625.csv,0.02
48,"AIIMS, Bibinagar",17/06/2025,nuc,,,0,0,VRDL48_AIIMS_Bibinagar_170625.csv,0
48,"AIIMS, Bibinagar",17/06/2025,oxa,33,0.2,224.3,29.4,VRDL48_AIIMS_Bibinagar_170625.csv,0.01
48,"AIIMS, Bibinagar",17/06/2025,pvl,,,0,0,VRDL48_AIIMS_Bibinagar_170625.csv,0
48,"AIIMS, Bibinagar",17/06/2025,shv,29.8,0.1,13680.6,739.8,VRDL48_AIIMS_Bibinagar_170625.csv,0.49
48,"AIIMS, Bibinagar",17/06/2025,vana,,,0,0,VRDL48_AIIMS_Bibinagar_170625.csv,0
48,"AIIMS, Bibinagar",17/06/2025,vanb,39.1,,39.1,67.8,VRDL48_AIIMS_Bibinagar_170625.csv,0
48,"AIIMS, Bibinagar",17/06/2025,vanm,,,0,0,VRDL48_AIIMS_Bibinagar_170625.csv,0
48,"AIIMS, Bibinagar",17/06/2025,vim,33.4,0.2,1410.1,195,VRDL48_AIIMS_Bibinagar_170625.csv,0.05
50,"AGMC,  Agartala",29/07/2025,cmy,25,0,501590.3,16980.5,VRDL50_AGMC_ Agartala_29072025.csv,21.54
50,"AGMC,  Agartala",29/07/2025,ctxm,26,0.1,8650.2,945.4,VRDL50_AGMC_ Agartala_29072025.csv,0.37
50,"AGMC,  Agartala",29/07/2025,ent,26.6,0,23285.2,781.6,VRDL50_AGMC_ Agartala_29072025.csv,1
50,"AGMC,  Agartala",29/07/2025,ic,28.2,0.3,12880.1,2667.1,VRDL50_AGMC_ Agartala_29072025.csv,0.55
50,"AGMC,  Agartala",29/07/2025,imp,34.8,0.1,46.5,5.1,VRDL50_AGMC_ Agartala_29072025.csv,0
50,"AGMC,  Agartala",29/07/2025,kpc,23.1,0,1827652.2,64169.4,VRDL50_AGMC_ Agartala_29072025.csv,78.49
50,"AGMC,  Agartala",29/07/2025,mcr126,,,0,0,VRDL50_AGMC_ Agartala_29072025.csv,0
50,"AGMC,  Agartala",29/07/2025,mcr3,34.6,0.1,29.9,3.1,VRDL50_AGMC_ Agartala_29072025.csv,0
50,"AGMC,  Agartala",29/07/2025,mcr4,34.1,0.1,70.3,7,VRDL50_AGMC_ Agartala_29072025.csv,0
50,"AGMC,  Agartala",29/07/2025,mcr5910,24.6,0,24912.2,360.8,VRDL50_AGMC_ Agartala_29072025.csv,1.07
50,"AGMC,  Agartala",29/07/2025,mcr7,37.5,1.1,1.4,1.4,VRDL50_AGMC_ Agartala_29072025.csv,0
50,"AGMC,  Agartala",29/07/2025,mcr8,,,0,0,VRDL50_AGMC_ Agartala_29072025.csv,0
50,"AGMC,  Agartala",29/07/2025,meca,39.3,0.1,5.3,4.6,VRDL50_AGMC_ Agartala_29072025.csv,0
50,"AGMC,  Agartala",29/07/2025,mtb,,,0,0,VRDL50_AGMC_ Agartala_29072025.csv,0
50,"AGMC,  Agartala",29/07/2025,ndm,24.9,0.1,334433.1,26526.5,VRDL50_AGMC_ Agartala_29072025.csv,14.36
50,"AGMC,  Agartala",29/07/2025,nuc,,,0,0,VRDL50_AGMC_ Agartala_29072025.csv,0
50,"AGMC,  Agartala",29/07/2025,oxa,19.3,0.1,12288928.4,621458.6,VRDL50_AGMC_ Agartala_29072025.csv,527.76
50,"AGMC,  Agartala",29/07/2025,pvl,,,0,0,VRDL50_AGMC_ Agartala_29072025.csv,0
50,"AGMC,  Agartala",29/07/2025,shv,28,0.1,46356.4,2685.2,VRDL50_AGMC_ Agartala_29072025.csv,1.99
50,"AGMC,  Agartala",29/07/2025,vana,27.1,0,19834.1,144.3,VRDL50_AGMC_ Agartala_29072025.csv,0.85
50,"AGMC,  Agartala",29/07/2025,vanb,23.5,0,6027404.3,118632.5,VRDL50_AGMC_ Agartala_29072025.csv,258.85
50,"AGMC,  Agartala",29/07/2025,vanm,,,0,0,VRDL50_AGMC_ Agartala_29072025.csv,0
50,"AGMC,  Agartala",29/07/2025,vim,29.6,0.1,17374.3,1064.9,VRDL50_AGMC_ Agartala_29072025.csv,0.75
50,"AGMC, Agartala",1/7/2025,cmy,26.1,0.1,221397.8,9644.8,VRDL50_AGMC_Agartala_010725.csv,18.19
50,"AGMC, Agartala",1/7/2025,ctxm,27.8,0.1,1658.2,177.4,VRDL50_AGMC_Agartala_010725.csv,0.14
50,"AGMC, Agartala",1/7/2025,ent,27.4,0,12174.1,246.1,VRDL50_AGMC_Agartala_010725.csv,1
50,"AGMC, Agartala",1/7/2025,ic,28.7,1.3,11887,9827.2,VRDL50_AGMC_Agartala_010725.csv,0.98
50,"AGMC, Agartala",1/7/2025,imp,38,1.5,4.6,3.6,VRDL50_AGMC_Agartala_010725.csv,0
50,"AGMC, Agartala",1/7/2025,kpc,24.4,0.1,697166.9,39712.1,VRDL50_AGMC_Agartala_010725.csv,57.27
50,"AGMC, Agartala",1/7/2025,mcr126,,,0,0,VRDL50_AGMC_Agartala_010725.csv,0
50,"AGMC, Agartala",1/7/2025,mcr3,34.8,0.2,27.1,5.3,VRDL50_AGMC_Agartala_010725.csv,0
50,"AGMC, Agartala",1/7/2025,mcr4,33.6,0.1,112.5,8.3,VRDL50_AGMC_Agartala_010725.csv,0.01
50,"AGMC, Agartala",1/7/2025,mcr5910,26.1,0,6822.7,103.5,VRDL50_AGMC_Agartala_010725.csv,0.56
50,"AGMC, Agartala",1/7/2025,mcr7,39.2,0.1,0.2,0.1,VRDL50_AGMC_Agartala_010725.csv,0
50,"AGMC, Agartala",1/7/2025,mcr8,,,0,0,VRDL50_AGMC_Agartala_010725.csv,0
50,"AGMC, Agartala",1/7/2025,meca,39.2,0.4,5.8,5.3,VRDL50_AGMC_Agartala_010725.csv,0
50,"AGMC, Agartala",1/7/2025,mtb,,,0,0,VRDL50_AGMC_Agartala_010725.csv,0
50,"AGMC, Agartala",1/7/2025,ndm,26.6,0,85167.6,1382.4,VRDL50_AGMC_Agartala_010725.csv,7
50,"AGMC, Agartala",1/7/2025,nuc,,,0,0,VRDL50_AGMC_Agartala_010725.csv,0
50,"AGMC, Agartala",1/7/2025,oxa,21.5,0,2116341.4,39262.8,VRDL50_AGMC_Agartala_010725.csv,173.84
50,"AGMC, Agartala",1/7/2025,pvl,,,0,0,VRDL50_AGMC_Agartala_010725.csv,0
50,"AGMC, Agartala",1/7/2025,shv,29.4,0.1,17083.6,1523.2,VRDL50_AGMC_Agartala_010725.csv,1.4
50,"AGMC, Agartala",1/7/2025,vana,29.5,0.1,3476.9,169,VRDL50_AGMC_Agartala_010725.csv,0.29
50,"AGMC, Agartala",1/7/2025,vanb,24.3,0,3427620.6,65581.7,VRDL50_AGMC_Agartala_010725.csv,281.55
50,"AGMC, Agartala",1/7/2025,vanm,,,0,0,VRDL50_AGMC_Agartala_010725.csv,0
50,"AGMC, Agartala",1/7/2025,vim,29.4,0.1,19593.1,700,VRDL50_AGMC_Agartala_010725.csv,1.61
50,"AGMC, Agartala",15/07/2025,cmy,27,0,120503.4,3625.7,VRDL50_AGMC_Agartala_150725.csv,8.33
50,"AGMC, Agartala",15/07/2025,ctxm,27.3,0.1,2631.1,190.5,VRDL50_AGMC_Agartala_150725.csv,0.18
50,"AGMC, Agartala",15/07/2025,ent,27.2,0,14470.2,489.2,VRDL50_AGMC_Agartala_150725.csv,1
50,"AGMC, Agartala",15/07/2025,ic,29.1,0.9,7624,5686.9,VRDL50_AGMC_Agartala_150725.csv,0.53
50,"AGMC, Agartala",15/07/2025,imp,35.7,0.2,22.1,3.4,VRDL50_AGMC_Agartala_150725.csv,0
50,"AGMC, Agartala",15/07/2025,kpc,23.3,0,1582412.9,44560.1,VRDL50_AGMC_Agartala_150725.csv,109.36
50,"AGMC, Agartala",15/07/2025,mcr126,,,0,0,VRDL50_AGMC_Agartala_150725.csv,0
50,"AGMC, Agartala",15/07/2025,mcr3,35,0.3,23.1,4.7,VRDL50_AGMC_Agartala_150725.csv,0
50,"AGMC, Agartala",15/07/2025,mcr4,33.4,0.1,127.3,13.3,VRDL50_AGMC_Agartala_150725.csv,0.01
50,"AGMC, Agartala",15/07/2025,mcr5910,25.9,0,8473.6,117.6,VRDL50_AGMC_Agartala_150725.csv,0.59
50,"AGMC, Agartala",15/07/2025,mcr7,36.5,0.8,2.9,1.5,VRDL50_AGMC_Agartala_150725.csv,0
50,"AGMC, Agartala",15/07/2025,mcr8,,,0,0,VRDL50_AGMC_Agartala_150725.csv,0
50,"AGMC, Agartala",15/07/2025,meca,38.3,0.6,17.4,6.6,VRDL50_AGMC_Agartala_150725.csv,0
50,"AGMC, Agartala",15/07/2025,mtb,,,0,0,VRDL50_AGMC_Agartala_150725.csv,0
50,"AGMC, Agartala",15/07/2025,ndm,25.9,0.1,155850,11670.8,VRDL50_AGMC_Agartala_150725.csv,10.77
50,"AGMC, Agartala",15/07/2025,nuc,38.6,0.5,1,0.3,VRDL50_AGMC_Agartala_150725.csv,0
50,"AGMC, Agartala",15/07/2025,oxa,19.8,0.1,8048857.4,357160.3,VRDL50_AGMC_Agartala_150725.csv,556.24
50,"AGMC, Agartala",15/07/2025,pvl,,,0,0,VRDL50_AGMC_Agartala_150725.csv,0
50,"AGMC, Agartala",15/07/2025,shv,28.8,0.1,26333.6,1099.2,VRDL50_AGMC_Agartala_150725.csv,1.82
50,"AGMC, Agartala",15/07/2025,vana,26.8,0,25301.4,805.9,VRDL50_AGMC_Agartala_150725.csv,1.75
50,"AGMC, Agartala",15/07/2025,vanb,23.3,0.1,6765409.4,297319.9,VRDL50_AGMC_Agartala_150725.csv,467.54
50,"AGMC, Agartala",15/07/2025,vanm,,,0,0,VRDL50_AGMC_Agartala_150725.csv,0
50,"AGMC, Agartala",15/07/2025,vim,29.7,0.2,16439.2,2029.3,VRDL50_AGMC_Agartala_150725.csv,1.14
50,"AGMC, Agartala",17/06/2025,cmy,26.3,0.1,198424.5,9188.5,VRDL50_AGMC_Agartala_170624.csv,30.09
50,"AGMC, Agartala",17/06/2025,ctxm,25.9,0.1,9479.7,610.7,VRDL50_AGMC_Agartala_170624.csv,1.44
50,"AGMC, Agartala",17/06/2025,ent,27.3,0.1,6594.1,7622.7,VRDL50_AGMC_Agartala_170624.csv,1
50,"AGMC, Agartala",17/06/2025,ic,22.4,0,1048033.5,39021.9,VRDL50_AGMC_Agartala_170624.csv,158.94
50,"AGMC, Agartala",17/06/2025,imp,38.4,,1.1,1.6,VRDL50_AGMC_Agartala_170624.csv,0
50,"AGMC, Agartala",17/06/2025,kpc,30.7,0,6809.7,35.5,VRDL50_AGMC_Agartala_170624.csv,1.03
50,"AGMC, Agartala",17/06/2025,mcr126,,,0,0,VRDL50_AGMC_Agartala_170624.csv,0
50,"AGMC, Agartala",17/06/2025,mcr3,,,0,0,VRDL50_AGMC_Agartala_170624.csv,0
50,"AGMC, Agartala",17/06/2025,mcr4,,,0,0,VRDL50_AGMC_Agartala_170624.csv,0
50,"AGMC, Agartala",17/06/2025,mcr5910,27.4,0,2205.4,41.4,VRDL50_AGMC_Agartala_170624.csv,0.33
50,"AGMC, Agartala",17/06/2025,mcr7,36,0.2,3.9,0.6,VRDL50_AGMC_Agartala_170624.csv,0
50,"AGMC, Agartala",17/06/2025,mcr8,34.1,0.2,79.5,12.4,VRDL50_AGMC_Agartala_170624.csv,0.01
50,"AGMC, Agartala",17/06/2025,meca,,,0,0,VRDL50_AGMC_Agartala_170624.csv,0
50,"AGMC, Agartala",17/06/2025,mtb,,,0,0,VRDL50_AGMC_Agartala_170624.csv,0
50,"AGMC, Agartala",17/06/2025,ndm,25.8,0,160560.8,916.1,VRDL50_AGMC_Agartala_170624.csv,24.35
50,"AGMC, Agartala",17/06/2025,nuc,,,0,0,VRDL50_AGMC_Agartala_170624.csv,0
50,"AGMC, Agartala",17/06/2025,oxa,26.9,0.8,31724.5,19614.6,VRDL50_AGMC_Agartala_170624.csv,4.81
50,"AGMC, Agartala",17/06/2025,pvl,,,0,0,VRDL50_AGMC_Agartala_170624.csv,0
50,"AGMC, Agartala",17/06/2025,shv,30.1,0,10690.9,377.2,VRDL50_AGMC_Agartala_170624.csv,1.62
50,"AGMC, Agartala",17/06/2025,vana,30,0.1,2467.3,112.4,VRDL50_AGMC_Agartala_170624.csv,0.37
50,"AGMC, Agartala",17/06/2025,vanb,,,0,0,VRDL50_AGMC_Agartala_170624.csv,0
50,"AGMC, Agartala",17/06/2025,vanm,26.4,0.1,89225.8,4236.1,VRDL50_AGMC_Agartala_170624.csv,13.53
50,"AGMC, Agartala",17/06/2025,vim,24.5,0.1,18902.3,973.6,VRDL50_AGMC_Agartala_170624.csv,13.53
57,"AIIMS, Rishikesh",29/07/2025,cmy,24.2,0.1,881298.2,54247.7,VRDL57_AIIMS_Rishikesh_290725.csv,26.08
57,"AIIMS, Rishikesh",29/07/2025,ctxm,35.1,3.6,15.1,22.2,VRDL57_AIIMS_Rishikesh_290725.csv,0
57,"AIIMS, Rishikesh",29/07/2025,ent,26.1,0.2,33786,5746.2,VRDL57_AIIMS_Rishikesh_290725.csv,1
57,"AIIMS, Rishikesh",29/07/2025,ic,27.1,0.3,30348.1,6886.7,VRDL57_AIIMS_Rishikesh_290725.csv,0.9
57,"AIIMS, Rishikesh",29/07/2025,imp,23.9,1.8,934965.1,913059.3,VRDL57_AIIMS_Rishikesh_290725.csv,27.67
57,"AIIMS, Rishikesh",29/07/2025,kpc,24.3,0.6,835570.1,339598,VRDL57_AIIMS_Rishikesh_290725.csv,24.73
57,"AIIMS, Rishikesh",29/07/2025,mcr126,,,0,0,VRDL57_AIIMS_Rishikesh_290725.csv,0
57,"AIIMS, Rishikesh",29/07/2025,mcr3,29.3,0.2,1969.7,243.6,VRDL57_AIIMS_Rishikesh_290725.csv,0.06
57,"AIIMS, Rishikesh",29/07/2025,mcr4,30.4,0.2,1620.5,223.5,VRDL57_AIIMS_Rishikesh_290725.csv,0.05
57,"AIIMS, Rishikesh",29/07/2025,mcr5910,25.9,0.1,8338.9,558.8,VRDL57_AIIMS_Rishikesh_290725.csv,0.25
57,"AIIMS, Rishikesh",29/07/2025,mcr7,35.4,4.5,248.3,571.9,VRDL57_AIIMS_Rishikesh_290725.csv,0.01
57,"AIIMS, Rishikesh",29/07/2025,mcr8,38.7,1.2,1.1,2,VRDL57_AIIMS_Rishikesh_290725.csv,0
57,"AIIMS, Rishikesh",29/07/2025,meca,,,0,0,VRDL57_AIIMS_Rishikesh_290725.csv,0
57,"AIIMS, Rishikesh",29/07/2025,mtb,,,0,0,VRDL57_AIIMS_Rishikesh_290725.csv,0
57,"AIIMS, Rishikesh",29/07/2025,ndm,23.8,1.2,1207211.1,971660,VRDL57_AIIMS_Rishikesh_290725.csv,35.73
57,"AIIMS, Rishikesh",29/07/2025,nuc,,,0,0,VRDL57_AIIMS_Rishikesh_290725.csv,0
57,"AIIMS, Rishikesh",29/07/2025,oxa,20.9,0.4,3417959.7,1164548.1,VRDL57_AIIMS_Rishikesh_290725.csv,101.16
57,"AIIMS, Rishikesh",29/07/2025,pvl,,,0,0,VRDL57_AIIMS_Rishikesh_290725.csv,0
57,"AIIMS, Rishikesh",29/07/2025,shv,30.9,0.7,6571.9,3247.1,VRDL57_AIIMS_Rishikesh_290725.csv,0.19
57,"AIIMS, Rishikesh",29/07/2025,vana,24.6,0.1,122341.6,11410,VRDL57_AIIMS_Rishikesh_290725.csv,3.62
57,"AIIMS, Rishikesh",29/07/2025,vanb,25,0.8,2332739,1189930.9,VRDL57_AIIMS_Rishikesh_290725.csv,69.04
57,"AIIMS, Rishikesh",29/07/2025,vanm,30.4,1.4,8370.2,5759,VRDL57_AIIMS_Rishikesh_290725.csv,0.25
57,"AIIMS, Rishikesh",29/07/2025,vim,27.7,1.6,100111.7,84943,VRDL57_AIIMS_Rishikesh_290725.csv,2.96
